ticker,zacks_rank
A,3
AA,3
AAC,
AACG,
AACI,
AACIW,
AACT,
AADI,3
AAIC,3
AAIN,
AAL,3
AAM,
AAMC,
AAME,
AAN,3
AAOI,2
AAON,2
AAP,4
AAPL,3
AAT,3
AAU,
AB,4
ABBV,3
ABC,3
ABCB,3
ABCL,3
ABCM,2
ABEO,
ABEV,2
ABG,3
ABIO,
ABL,
ABLLW,
ABM,3
ABNB,3
ABOS,3
ABR,3
ABSI,3
ABT,3
ABUS,3
ABVC,
AC,
ACA,2
ACAB,
ACABW,
ACAC,
ACACU,
ACAD,3
ACAH,
ACAHW,
ACAQ,
ACB,2
ACBA,
ACBAU,
ACBAW,
ACCD,3
ACCO,3
ACDC,5
ACDCW,
ACEL,3
ACER,3
ACET,3
ACGL,1
ACGLN,
ACGLO,
ACGN,
ACHC,3
ACHL,2
ACHR,3
ACHV,
ACI,3
ACIC,
ACIU,3
ACIW,3
ACLS,1
ACLX,2
ACM,2
ACMR,1
ACN,3
ACNB,2
ACNT,4
ACON,
ACONW,
ACOR,
ACP,
ACR,3
ACRE,5
ACRO,
ACRS,3
ACRV,3
ACRX,3
ACST,2
ACT,2
ACTG,
ACU,
ACV,
ACVA,3
ACXP,3
ADAG,3
ADAP,4
ADBE,3
ADC,3
ADCT,3
ADD,
ADEA,3
ADER,
ADES,3
ADEX,
ADI,3
ADIL,3
ADM,3
ADMA,3
ADMP,
ADN,4
ADNT,3
ADNWW,
ADOC,
ADOCR,
ADOCW,
ADP,3
ADPT,3
ADRT,
ADSE,3
ADSEW,
ADSK,3
ADT,4
ADTH,
ADTHW,
ADTN,3
ADTX,3
ADUS,3
ADV,2
ADVM,3
ADVWW,
ADX,
ADXN,
AE,3
AEAE,
AEAEW,
AEE,3
AEF,
AEFC,
AEG,2
AEHL,
AEHR,1
AEI,
AEIS,3
AEL,3
AEM,3
AEMD,
AENT,
AENTW,
AENZ,
AEO,2
AEON,
AEP,3
AER,3
AES,3
AESC,
AESI,3
AEVA,3
AEY,
AEYE,3
AEZS,3
AFAR,
AFARW,
AFB,
AFBI,
AFCG,4
AFG,4
AFGB,
AFGC,
AFGD,
AFGE,
AFIB,3
AFL,2
AFMD,3
AFRI,
AFRIW,
AFRM,3
AFT,
AFYA,1
AG,3
AGAC,
AGAE,
AGBA,
AGBAW,
AGCO,3
AGD,
AGE,
AGEN,3
AGFY,
AGI,3
AGIL,
AGILW,
AGIO,3
AGL,3
AGLE,3
AGM,1
AGMH,
AGNC,3
AGNCL,
AGNCM,
AGNCN,
AGNCO,
AGNCP,
AGO,5
AGR,4
AGRI,3
AGRIW,
AGRO,2
AGRX,4
AGS,3
AGTI,4
AGX,
AGYS,3
AHCO,3
AHG,
AHH,3
AHI,
AHL,
AHT,3
AI,3
AIB,
AIBBR,
AIC,
AIF,
AIG,3
AIH,
AIHS,
AIM,
AIMAW,
AIMBU,
AIMD,
AIMDW,
AIN,3
AINC,3
AIO,
AIP,4
AIR,2
AIRC,3
AIRG,3
AIRI,3
AIRS,3
AIRT,
AIRTP,
AIT,2
AIU,
AIV,
AIXI,
AIZ,1
AIZN,
AJG,3
AJX,
AJXA,
AKA,4
AKAM,3
AKAN,
AKBA,3
AKLI,4
AKO,
AKR,3
AKRO,3
AKTS,3
AKTX,3
AKU,4
AKYA,3
AL,3
ALAR,3
ALB,3
ALBT,
ALC,2
ALCC,
ALCO,3
ALCY,
ALCYU,
ALCYW,
ALDX,3
ALE,3
ALEC,1
ALEX,3
ALG,2
ALGM,2
ALGN,2
ALGS,3
ALGT,3
ALHC,3
ALIM,4
ALIT,3
ALK,3
ALKS,3
ALKT,4
ALL,3
ALLE,3
ALLG,
ALLK,3
ALLO,3
ALLR,
ALLT,3
ALLY,5
ALNY,3
ALOR,
ALORW,
ALOT,
ALPN,2
ALPP,
ALRM,3
ALRN,3
ALRS,3
ALSAW,
ALSN,1
ALT,3
ALTG,2
ALTI,4
ALTO,2
ALTR,2
ALTU,
ALTUU,
ALTUW,
ALUR,
ALV,3
ALVO,3
ALVOW,
ALVR,3
ALX,2
ALXO,3
ALYA,3
ALZN,
AM,3
AMAL,3
AMAM,2
AMAO,
AMAOW,
AMAT,3
AMBA,3
AMBC,3
AMBI,
AMBO,
AMBP,4
AMC,3
AMCR,4
AMCX,3
AMD,3
AME,2
AMED,3
AMEH,3
AMG,4
AMGN,3
AMH,2
AMK,3
AMKR,3
AMLI,4
AMLX,3
AMN,3
AMNB,3
AMOT,4
AMP,3
AMPE,
AMPG,
AMPGW,
AMPH,1
AMPL,3
AMPS,3
AMPX,3
AMPY,4
AMR,3
AMRC,3
AMRK,3
AMRN,3
AMRS,3
AMRX,3
AMS,
AMSC,3
AMSF,3
AMST,
AMSWA,3
AMT,3
AMTB,3
AMTD,
AMTI,3
AMTX,3
AMWD,2
AMWL,3
AMX,2
AMZN,1
AN,3
ANAB,3
ANDE,3
ANEB,3
ANET,2
ANF,1
ANGH,
ANGHW,
ANGI,3
ANGO,4
ANIK,3
ANIP,1
ANIX,3
ANNX,2
ANSS,3
ANTE,
ANTX,2
ANVS,2
ANY,
ANZU,
ANZUU,
ANZUW,
AOD,
AOGO,
AOGOU,
AOGOW,
AOMR,3
AON,3
AORT,1
AOS,2
AOSL,3
AOUT,3
AP,
APA,3
APAC,
APACW,
APAM,2
APCA,
APCX,
APCXW,
APD,3
APDN,2
APE,
APEI,3
APG,2
APGB,
APGE,3
APGN,
APGNW,
APH,3
API,2
APLD,3
APLE,4
APLM,3
APLMW,
APLS,3
APLT,
APM,3
APMI,
APMIW,
APO,3
APOG,2
APP,3
APPF,2
APPN,3
APPS,4
APRE,2
APRN,
APT,
APTM,
APTMW,
APTO,3
APTV,2
APVO,2
APWC,
APXI,
APXIW,
APYX,3
AQB,3
AQMS,3
AQN,3
AQNA,
AQNB,
AQNU,
AQST,3
AQU,
AQUNR,
AR,3
ARAV,2
ARAY,5
ARBB,
ARBE,3
ARBEW,
ARBK,3
ARBKL,
ARC,4
ARCB,3
ARCC,3
ARCE,2
ARCH,3
ARCO,2
ARCT,5
ARDC,
ARDX,3
ARE,3
AREB,
AREBW,
AREC,3
AREN,2
ARES,3
ARGD,
ARGO,4
ARGX,3
ARHS,3
ARI,3
ARIS,3
ARIZ,
ARIZR,
ARIZW,
ARKO,3
ARKR,
ARL,
ARLO,3
ARLP,3
ARMK,3
ARMP,2
ARNC,3
AROC,2
AROW,5
ARQQ,3
ARQQW,
ARQT,3
ARR,4
ARRW,
ARRWW,
ARRY,2
ARTE,
ARTL,2
ARTNA,2
ARTW,
ARVL,
ARVN,3
ARW,3
ARWR,
ARYD,
ASA,
ASAI,4
ASAN,3
ASB,4
ASBA,
ASC,3
ASCA,
ASCAR,
ASCAW,
ASCB,
ASCBR,
ASG,
ASGI,
ASGN,3
ASH,5
ASIX,3
ASLE,5
ASLN,3
ASM,3
ASMB,4
ASML,3
ASND,2
ASNS,
ASO,4
ASPA,
ASPI,
ASPN,3
ASPS,4
ASR,3
ASRT,3
ASRV,
ASST,
ASTC,
ASTE,1
ASTI,
ASTL,4
ASTLW,
ASTR,3
ASTS,3
ASTSW,
ASUR,1
ASX,4
ASXC,2
ASYS,4
ATAI,2
ATAK,
ATAKR,
ATAKW,
ATAT,4
ATCO,
ATCOL,
ATEC,3
ATEK,
ATEN,2
ATER,3
ATEX,3
ATGE,3
ATH,3
ATHA,2
ATHE,3
ATHM,3
ATHX,
ATI,3
ATIF,
ATIP,3
ATKR,2
ATLC,2
ATLCL,
ATLCP,
ATLO,
ATLX,3
ATMC,
ATMCR,
ATMCU,
ATMU,3
ATMV,
ATMVR,
ATMVU,
ATNF,
ATNFW,
ATNI,3
ATNM,3
ATO,2
ATOM,
ATOS,
ATR,1
ATRA,3
ATRC,3
ATRI,
ATRO,3
ATS,2
ATSG,1
ATUS,3
ATVI,2
ATXG,
ATXI,
ATXS,3
AU,5
AUB,3
AUBN,
AUDC,2
AUGX,2
AUID,
AULT,
AUMN,2
AUPH,2
AUR,
AURA,4
AURC,
AURCU,
AURCW,
AUROW,
AUST,3
AUTL,4
AUUD,
AUUDW,
AUVI,
AUVIP,
AVA,4
AVAH,3
AVAL,4
AVAV,2
AVB,3
AVD,3
AVDL,4
AVDX,3
AVGO,2
AVGR,3
AVHI,
AVHIW,
AVID,4
AVIR,3
AVK,
AVNS,3
AVNT,3
AVNW,3
AVO,3
AVPT,3
AVPTW,
AVRO,2
AVT,4
AVTA,5
AVTE,4
AVTR,5
AVTX,3
AVXL,3
AVY,4
AWF,
AWH,2
AWI,3
AWIN,
AWINW,
AWK,2
AWP,
AWR,2
AWRE,
AWX,
AX,3
AXDX,3
AXGN,3
AXL,3
AXLA,2
AXNX,3
AXON,3
AXP,3
AXR,
AXS,1
AXSM,3
AXTA,3
AXTI,4
AY,3
AYI,3
AYRO,
AYTU,
AYX,3
AZ,
AZEK,3
AZN,3
AZO,3
AZPN,2
AZTA,3
AZTR,
AZUL,3
AZYO,4
AZZ,
B,3
BA,3
BABA,3
BAC,3
BACA,
BACK,
BAER,
BAERW,
BAFN,
BAH,3
BAK,3
BALL,3
BALY,4
BAM,3
BANC,3
BAND,3
BANF,3
BANFP,
BANL,
BANR,5
BANX,
BAOS,
BAP,4
BARK,
BASE,3
BATL,5
BATRA,3
BATRK,3
BAX,3
BB,1
BBAI,4
BBAR,
BBCP,3
BBD,4
BBDC,3
BBDO,
BBGI,2
BBIO,3
BBLG,
BBLGW,
BBN,
BBSI,4
BBU,5
BBUC,
BBVA,3
BBW,3
BBWI,2
BBY,3
BC,5
BCAB,4
BCAL,3
BCAN,
BCAT,
BCBP,5
BCC,1
BCDA,4
BCDAW,
BCE,3
BCEL,3
BCH,3
BCLI,
BCML,3
BCO,3
BCOV,3
BCOW,
BCPC,3
BCRX,3
BCS,3
BCSA,
BCSAU,
BCSAW,
BCSF,1
BCTX,
BCTXW,
BCV,
BCX,
BCYC,3
BDC,2
BDJ,
BDL,
BDN,2
BDRX,
BDSX,2
BDTX,3
BDX,3
BE,3
BEAM,3
BEAT,3
BEATW,
BECN,3
BEDU,
BEEM,3
BEEMW,
BEKE,1
BELFA,
BELFB,1
BEN,3
BENF,
BENFW,
BEP,3
BEPC,3
BEPH,
BEPI,
BERY,3
BEST,
BF,
BFAC,
BFAM,3
BFC,4
BFH,3
BFI,
BFIIW,
BFIN,5
BFK,
BFLY,2
BFRG,
BFRGW,
BFRI,2
BFRIW,
BFS,2
BFST,3
BFZ,
BG,3
BGB,
BGC,4
BGFV,
BGH,
BGI,
BGLC,
BGNE,3
BGR,
BGS,3
BGSF,5
BGT,
BGX,
BGXX,
BGY,
BH,
BHACW,
BHAT,
BHB,4
BHC,2
BHE,
BHF,3
BHFAL,
BHFAM,
BHFAN,
BHFAO,
BHFAP,
BHG,3
BHIL,3
BHK,
BHLB,5
BHM,
BHP,3
BHR,3
BHRB,
BHV,
BHVN,3
BIAF,
BIAFW,
BIDU,3
BIG,4
BIGC,3
BIGZ,
BIIB,3
BILI,3
BILL,2
BIMI,
BIO,4
BIOC,
BIOL,
BIOR,
BIOS,
BIOSU,
BIOSW,
BIOX,
BIP,3
BIPC,
BIPH,
BIPI,
BIRD,3
BIT,
BITE,
BITF,4
BIVI,3
BJ,4
BJDX,
BJRI,1
BK,3
BKCC,2
BKD,3
BKDT,
BKE,
BKH,3
BKI,3
BKKT,2
BKN,
BKNG,3
BKR,3
BKSC,
BKSY,4
BKT,
BKTI,
BKU,3
BKYI,
BL,2
BLAC,
BLACR,
BLBD,3
BLBX,
BLCO,3
BLD,1
BLDE,3
BLDEW,
BLDP,3
BLDR,1
BLE,
BLEU,
BLEUR,
BLEUW,
BLFS,4
BLFY,3
BLIN,3
BLK,3
BLKB,3
BLMN,3
BLND,3
BLNK,2
BLPH,
BLRX,
BLTE,4
BLUA,
BLUE,3
BLW,
BLX,
BLZE,2
BMA,3
BMAC,
BMBL,3
BME,
BMEA,3
BMEZ,
BMI,1
BML,
BMN,
BMO,3
BMR,
BMRA,
BMRC,5
BMRN,3
BMTX,3
BMY,3
BN,
BNED,
BNGO,2
BNGOW,
BNH,
BNIX,
BNIXR,
BNIXW,
BNJ,
BNL,3
BNMV,
BNOX,3
BNR,
BNRE,
BNRG,
BNS,4
BNTC,
BNTX,3
BNY,
BOAC,
BOC,
BOCN,
BOCNU,
BOCNW,
BODY,3
BOE,
BOF,
BOH,5
BOKF,4
BOLT,3
BON,3
BOOM,1
BOOT,1
BORR,
BOSC,
BOTJ,
BOWL,2
BOWNU,
BOX,3
BOXL,3
BP,5
BPMC,3
BPOP,2
BPOPM,
BPRN,3
BPT,
BPTH,2
BPTS,3
BPYPM,
BPYPN,
BPYPO,
BPYPP,
BQ,
BR,3
BRACR,
BRAG,2
BRBR,2
BRBS,
BRC,3
BRCC,4
BRD,
BRDG,3
BRDS,
BREA,
BREZ,
BREZR,
BREZW,
BRFH,2
BRFS,4
BRID,
BRK,
BRKH,
BRKHU,
BRKHW,
BRKL,4
BRKR,3
BRLI,
BRLIR,
BRLIW,
BRLT,2
BRN,
BRO,2
BROG,
BROGW,
BROS,3
BRP,3
BRQS,
BRSH,
BRSHW,
BRSP,3
BRT,3
BRTX,2
BRW,
BRX,3
BRY,3
BRZE,3
BSAC,3
BSBK,
BSBR,3
BSET,4
BSFC,
BSGM,3
BSIG,4
BSL,
BSM,3
BSQR,
BSRR,2
BST,
BSTZ,
BSVN,1
BSX,3
BSY,2
BTA,
BTAI,
BTB,
BTBD,
BTBDW,
BTBT,3
BTCM,3
BTCS,4
BTCY,
BTDR,
BTE,3
BTG,3
BTI,3
BTM,
BTMD,3
BTMWW,
BTO,
BTOG,
BTT,
BTTR,3
BTTX,2
BTU,5
BTWN,
BTWNU,
BTWNW,
BTZ,
BUD,3
BUI,
BUJAU,
BUR,3
BURL,3
BURU,
BUSE,4
BV,2
BVFL,
BVH,3
BVN,4
BVS,1
BVXV,
BW,4
BWA,5
BWAQ,
BWAQR,
BWAQU,
BWAQW,
BWAY,2
BWB,4
BWBBP,
BWEN,2
BWFG,
BWG,
BWMN,4
BWMX,1
BWNB,
BWSN,
BWV,3
BWXT,3
BX,3
BXC,3
BXMT,2
BXMX,
BXP,3
BXRX,3
BXSL,3
BY,3
BYD,3
BYFC,
BYM,
BYN,
BYND,3
BYNO,
BYNOW,
BYRN,3
BYSI,3
BYTS,
BYTSU,
BYTSW,
BZ,3
BZFD,3
BZH,1
BZUN,3
C,3
CAAP,
CAAS,
CABA,2
CABO,3
CAC,3
CACC,3
CACI,3
CACO,
CADE,3
CADL,3
CAE,3
CAF,
CAG,3
CAH,3
CAKE,3
CAL,3
CALB,3
CALC,3
CALM,5
CALT,3
CALX,3
CAMP,4
CAMT,2
CAN,3
CANB,
CANF,3
CANG,
CANO,3
CAPL,2
CAPR,3
CAR,3
CARA,3
CARE,3
CARG,3
CARM,2
CARR,2
CARS,3
CARV,
CASA,4
CASH,3
CASI,4
CASS,5
CASY,3
CAT,1
CATC,3
CATO,
CATX,4
CATY,3
CAVA,3
CB,2
CBAN,1
CBAT,
CBAY,3
CBD,4
CBFV,5
CBH,
CBIO,3
CBL,
CBNK,3
CBRE,4
CBRG,
CBRGU,
CBRGW,
CBRL,2
CBSH,3
CBT,4
CBU,3
CBUS,2
CBZ,4
CC,4
CCAI,
CCAIU,
CCAIW,
CCAP,1
CCB,4
CCBG,5
CCCC,3
CCCS,3
CCD,
CCEL,
CCEP,2
CCF,
CCI,3
CCIF,
CCJ,4
CCK,4
CCL,2
CCLD,4
CCLDO,
CCLDP,
CCLP,
CCM,
CCNE,2
CCNEP,
CCO,3
CCOI,5
CCRD,3
CCRN,5
CCS,1
CCSI,3
CCTS,
CCTSW,
CCU,3
CCV,
CCVI,
CCZ,
CD,3
CDAQ,
CDAQU,
CDAQW,
CDAY,3
CDE,4
CDIO,3
CDIOW,
CDLX,
CDMO,4
CDNA,4
CDNS,3
CDR,4
CDRE,1
CDRO,3
CDROW,
CDTX,5
CDW,3
CDXC,3
CDXS,3
CDZI,3
CDZIP,
CE,5
CEAD,
CEADW,
CECO,4
CEE,
CEG,2
CEI,
CEIX,4
CELC,3
CELH,2
CELL,3
CELU,3
CELUW,
CELZ,3
CEM,
CEN,
CENN,
CENT,1
CENTA,1
CENX,3
CEPU,4
CEQP,2
CERE,3
CERS,3
CERT,3
CET,
CETU,
CETUR,
CETUU,
CETUW,
CETX,3
CETXP,
CETY,
CEV,
CEVA,5
CF,3
CFB,3
CFBK,5
CFFE,
CFFEU,
CFFEW,
CFFI,
CFFN,4
CFFS,
CFFSW,
CFG,5
CFIV,
CFIVU,
CFIVW,
CFLT,3
CFMS,3
CFR,4
CFRX,
CFSB,
CG,3
CGA,
CGABL,
CGAU,3
CGBD,3
CGC,3
CGEM,3
CGEN,2
CGNT,
CGNX,3
CGO,
CGRN,3
CGTX,3
CHAA,
CHCI,
CHCO,3
CHCT,3
CHD,3
CHDN,3
CHE,4
CHEA,
CHEAW,
CHEF,5
CHEK,3
CHGG,3
CHH,3
CHI,
CHK,3
CHKEL,
CHKEW,
CHKEZ,
CHKP,2
CHMG,3
CHMI,3
CHN,
CHNR,
CHPT,4
CHRD,3
CHRS,3
CHRW,3
CHS,3
CHSCL,
CHSCM,
CHSCN,
CHSCO,
CHSCP,
CHSN,
CHT,
CHTR,3
CHUY,2
CHW,
CHWY,3
CHX,3
CHY,
CI,3
CIA,
CIB,2
CIEN,4
CIF,
CIFR,3
CIFRW,
CIG,3
CIGI,3
CII,
CIK,
CIM,4
CINF,2
CING,
CINGW,
CINT,2
CIO,4
CION,
CIR,1
CISO,3
CISS,
CITE,
CITEW,
CIVB,4
CIVI,3
CIX,
CIZN,
CJET,
CJJD,
CKPT,
CKX,
CL,3
CLAR,4
CLAY,
CLAYU,
CLAYW,
CLB,2
CLBK,4
CLBT,3
CLBTW,
CLCO,3
CLDT,4
CLDX,3
CLEU,
CLF,3
CLFD,3
CLGN,3
CLH,2
CLIN,
CLINR,
CLINU,
CLINW,
CLIR,3
CLLS,3
CLM,
CLMB,4
CLMT,3
CLNE,3
CLNN,3
CLNNW,
CLOE,
CLOER,
CLOV,2
CLPR,2
CLPS,
CLPT,4
CLRB,4
CLRC,
CLRCR,
CLRCW,
CLRO,
CLS,1
CLSD,3
CLSK,2
CLST,
CLVR,
CLVRW,
CLVT,3
CLW,
CLWT,
CLX,3
CM,2
CMA,4
CMAX,4
CMAXW,
CMBM,3
CMC,3
CMCA,
CMCAW,
CMCL,
CMCM,
CMCO,3
CMCSA,3
CMCT,4
CME,2
CMG,3
CMI,3
CMLS,3
CMMB,3
CMND,
CMP,3
CMPO,4
CMPOW,
CMPR,3
CMPS,3
CMPX,3
CMRA,
CMRAW,
CMRE,3
CMRX,3
CMS,3
CMSA,
CMSC,
CMSD,
CMT,
CMTG,5
CMTL,3
CMU,
CNA,3
CNC,3
CNDA,3
CNDB,
CNDT,
CNET,
CNEY,
CNF,3
CNFR,5
CNFRL,
CNGL,
CNGLU,
CNGLW,
CNHI,3
CNI,3
CNK,3
CNM,2
CNMD,3
CNNE,3
CNO,3
CNOB,4
CNOBP,
CNP,3
CNQ,3
CNS,
CNSL,
CNSP,
CNTA,3
CNTB,3
CNTG,2
CNTX,4
CNTY,5
CNVS,
CNX,3
CNXA,
CNXC,5
CNXN,3
COCO,3
COCP,
CODA,
CODI,3
CODX,4
COE,
COEP,
COEPW,
COF,3
COFS,
COGT,3
COHN,
COHR,3
COHU,3
COIN,3
COKE,
COLB,4
COLD,2
COLL,3
COLM,4
COMM,3
COMP,3
COMS,
COMSP,
COMSW,
CONN,4
CONX,
CONXW,
COO,2
COOK,3
COOL,
COOLU,
COOLW,
COOP,1
COP,3
CORR,
CORT,2
COSM,
COST,3
COTY,3
COUR,2
COYA,4
CP,4
CPA,3
CPAC,
CPB,3
CPE,3
CPF,3
CPG,3
CPHC,
CPHI,
CPIX,
CPK,4
CPLP,5
CPNG,2
CPOP,
CPRI,4
CPRT,2
CPRX,3
CPS,
CPSH,
CPSI,3
CPSS,
CPT,3
CPTK,
CPTN,4
CPTNW,
CPZ,
CQP,3
CR,2
CRAI,2
CRBG,2
CRBP,3
CRBU,2
CRC,3
CRCT,3
CRD,
CRDF,3
CRDL,2
CRDO,3
CREG,
CRESW,
CRESY,
CREX,4
CRF,
CRGE,4
CRGO,
CRGOW,
CRGY,3
CRH,3
CRI,3
CRIS,3
CRK,4
CRKN,3
CRL,3
CRM,2
CRMD,4
CRMT,2
CRNC,3
CRNT,
CRNX,3
CRON,3
CROX,2
CRS,1
CRSP,3
CRSR,4
CRT,
CRTO,3
CRUS,3
CRVL,
CRVS,3
CRWD,3
CRWS,
CSAN,4
CSBR,3
CSCO,2
CSGP,3
CSGS,3
CSIQ,2
CSL,3
CSLM,
CSLMR,
CSLMU,
CSLMW,
CSLR,
CSLRW,
CSPI,
CSQ,
CSR,2
CSSE,3
CSSEL,
CSSEN,
CSSEP,
CSTA,
CSTE,3
CSTL,3
CSTM,3
CSTR,5
CSV,4
CSWC,3
CSWCZ,
CSWI,
CSX,3
CTA,
CTAS,3
CTBB,
CTBI,3
CTCX,
CTCXW,
CTDD,
CTG,4
CTGO,3
CTHR,
CTIB,
CTKB,5
CTLP,3
CTLT,5
CTM,
CTMX,2
CTNT,
CTO,3
CTOS,3
CTR,
CTRA,3
CTRE,3
CTRM,
CTRN,
CTS,4
CTSH,3
CTSO,
CTV,3
CTVA,5
CTXR,2
CUBA,
CUBB,
CUBE,4
CUBI,3
CUE,3
CUEN,
CUENW,
CUK,
CULL,
CULP,3
CURI,4
CURIW,
CURO,3
CURV,4
CUTR,3
CUZ,3
CVAC,3
CVBF,3
CVCO,5
CVCY,3
CVE,3
CVEO,3
CVGI,1
CVGW,5
CVI,1
CVII,
CVKD,
CVLG,2
CVLT,3
CVLY,3
CVM,
CVNA,3
CVR,
CVRX,3
CVS,3
CVU,
CVV,
CVX,3
CW,2
CWAN,2
CWBC,4
CWBR,
CWCO,2
CWD,
CWEN,3
CWH,3
CWK,5
CWST,4
CWT,2
CX,2
CXAC,
CXAI,
CXAIW,
CXDO,3
CXE,
CXH,
CXM,2
CXT,2
CXW,
CYAN,
CYBN,3
CYBR,2
CYCC,3
CYCCP,
CYCN,
CYD,
CYH,3
CYN,4
CYRX,5
CYT,3
CYTH,
CYTHW,
CYTK,3
CYTO,
CZFS,4
CZNC,4
CZOO,3
CZR,3
CZWI,4
D,4
DAC,2
DADA,4
DAIO,
DAKT,
DAL,3
DALN,
DAN,3
DAO,
DAR,3
DARE,3
DASH,3
DATS,
DATSW,
DAVA,3
DAVE,4
DAVEW,
DAWN,3
DB,3
DBD,
DBGI,
DBGIW,
DBI,4
DBL,
DBRG,2
DBTX,3
DBVT,4
DBX,3
DC,
DCBO,3
DCF,
DCFC,4
DCFCW,
DCGO,4
DCI,3
DCO,3
DCOM,3
DCOMP,
DCP,3
DCPH,3
DCTH,4
DD,3
DDD,3
DDI,1
DDL,4
DDOG,3
DDS,3
DDT,
DE,3
DEA,3
DECA,
DECK,3
DEI,4
DELL,4
DEN,3
DENN,3
DEO,3
DERM,2
DESP,3
DFFN,
DFH,1
DFIN,5
DFLI,4
DFLIW,
DFP,
DFS,3
DG,4
DGHI,
DGICA,
DGICB,
DGII,3
DGLY,
DGX,3
DH,3
DHAC,
DHACW,
DHC,4
DHCA,
DHCAW,
DHCNI,
DHCNL,
DHF,
DHI,1
DHIL,
DHR,4
DHT,3
DHX,3
DHY,
DIAX,
DIBS,2
DIN,3
DINO,3
DIOD,4
DIS,3
DISA,
DISH,5
DIST,
DISTR,
DISTW,
DIT,
DJCO,
DK,3
DKDCA,
DKDCW,
DKL,5
DKNG,2
DKS,3
DLA,3
DLB,2
DLHC,4
DLNG,4
DLO,3
DLPN,
DLR,3
DLTH,3
DLTR,3
DLX,3
DLY,
DM,3
DMA,
DMAC,2
DMAQ,
DMAQR,
DMB,
DMF,
DMLP,
DMO,
DMRC,
DMS,
DMTK,2
DMYY,
DNA,3
DNB,3
DNLI,3
DNMR,2
DNN,1
DNOW,4
DNP,
DNUT,4
DO,
DOC,2
DOCN,3
DOCS,3
DOCU,3
DOGZ,
DOLE,3
DOMA,
DOMH,
DOMO,3
DOOO,3
DOOR,3
DORM,3
DOUG,2
DOV,3
DOW,3
DOX,4
DOYU,2
DPCS,
DPCSW,
DPG,
DPRO,4
DPSI,3
DPZ,1
DQ,5
DRCT,5
DRCTW,
DRD,
DRH,5
DRI,3
DRIO,3
DRMA,3
DRMAW,
DRQ,2
DRRX,3
DRS,2
DRTS,3
DRTSW,
DRTT,
DRUG,
DRVN,5
DSAQ,
DSGN,3
DSGR,4
DSGX,3
DSKE,5
DSL,
DSM,
DSP,3
DSS,
DSU,
DSWL,
DSX,4
DT,2
DTB,
DTC,3
DTE,3
DTF,
DTG,
DTI,
DTIL,2
DTM,3
DTOC,
DTOCW,
DTSS,
DTST,
DTSTW,
DTW,
DUET,
DUETW,
DUK,3
DUKB,
DUNE,
DUNEU,
DUNEW,
DUO,
DUOL,2
DUOT,3
DV,3
DVA,3
DVAX,2
DVN,3
DWAC,
DWACU,
DWACW,
DWSN,
DX,
DXC,5
DXCM,3
DXF,
DXLG,
DXPE,3
DXR,
DXYN,
DY,3
DYAI,
DYN,3
DYNT,3
DZSI,3
E,3
EA,3
EAC,
EACPW,
EAD,
EAF,4
EAI,
EAR,3
EARN,4
EAST,3
EAT,3
EB,3
EBAY,3
EBC,5
EBET,
EBF,
EBIX,
EBMT,5
EBON,
EBR,4
EBS,2
EBTC,
EC,4
ECAT,
ECBK,
ECC,4
ECCC,
ECCV,
ECCW,
ECCX,
ECF,
ECL,3
ECOR,
ECPG,5
ECVT,3
ECX,2
ECXWW,
ED,2
EDAP,3
EDBL,
EDBLW,
EDD,
EDF,
EDI,
EDIT,3
EDN,4
EDR,3
EDRY,4
EDSA,
EDTK,
EDU,1
EDUC,
EE,3
EEA,
EEFT,4
EEIQ,
EEX,
EFC,4
EFHT,
EFHTR,
EFOI,2
EFR,
EFSC,3
EFSCP,
EFSH,
EFT,
EFTR,2
EFTRW,
EFX,3
EFXT,3
EG,2
EGAN,3
EGBN,3
EGF,
EGGF,
EGHT,3
EGIO,3
EGLE,3
EGLX,3
EGO,3
EGP,3
EGRX,2
EGY,4
EH,
EHAB,4
EHC,1
EHI,
EHTH,3
EIC,
EICA,
EICB,
EIG,2
EIGR,3
EIM,
EIX,3
EJH,
EKSO,4
EL,5
ELA,4
ELAN,3
ELBM,3
ELC,
ELDN,3
ELEV,3
ELF,2
ELIQ,
ELLO,
ELMD,
ELME,3
ELOX,3
ELP,4
ELS,3
ELSE,
ELTK,
ELTX,4
ELV,3
ELVA,
ELVN,4
ELWS,
ELYM,
ELYS,3
EM,
EMAN,4
EMBC,3
EMCG,
EMCGR,
EMD,
EME,1
EMF,
EMKR,2
EML,
EMLD,
EMLDU,
EMLDW,
EMN,3
EMO,
EMP,
EMR,3
EMX,4
ENB,3
ENCP,
ENER,
ENERR,
ENERW,
ENFN,4
ENG,
ENIC,
ENJ,
ENLC,3
ENLT,3
ENLV,3
ENO,
ENOV,3
ENPH,3
ENR,3
ENS,2
ENSC,
ENSG,2
ENSV,
ENTA,3
ENTG,3
ENTX,3
ENV,3
ENVA,3
ENVB,
ENVX,3
ENX,
ENZ,
EOD,
EOG,3
EOI,
EOLS,4
EOS,
EOSE,3
EOSEW,
EOT,
EP,
EPAC,
EPAM,2
EPC,3
EPD,3
EPIX,
EPM,2
EPOW,
EPR,3
EPRT,3
EPSN,
EQ,3
EQBK,2
EQC,3
EQH,3
EQIX,3
EQNR,5
EQR,2
EQRX,2
EQRXW,
EQS,
EQT,3
EQX,3
ERAS,2
ERC,
ERF,1
ERH,
ERIC,3
ERIE,1
ERII,4
ERJ,3
ERNA,
ERO,3
ES,3
ESAB,2
ESAC,
ESACU,
ESACW,
ESCA,
ESE,3
ESEA,1
ESGL,
ESGLW,
ESGR,
ESGRO,
ESGRP,
ESHA,
ESHAR,
ESI,3
ESLT,4
ESMT,3
ESNT,3
ESOA,
ESP,
ESPR,3
ESQ,3
ESRT,2
ESS,3
ESSA,4
ESTA,3
ESTC,3
ESTE,5
ET,3
ETAO,
ETB,
ETD,1
ETG,
ETI,
ETJ,
ETN,2
ETNB,3
ETO,
ETON,1
ETR,2
ETRN,3
ETSY,3
ETV,
ETW,
ETWO,3
ETX,
ETY,
EU,
EUDA,
EURN,3
EVA,3
EVAX,3
EVBG,3
EVBN,2
EVC,3
EVCM,3
EVE,
EVER,4
EVEX,3
EVF,
EVG,
EVGN,2
EVGO,3
EVGOW,
EVGR,
EVGRU,
EVH,3
EVI,
EVLO,2
EVLV,3
EVLVW,
EVM,
EVN,
EVO,4
EVOK,
EVR,3
EVRG,4
EVRI,3
EVT,
EVTC,3
EVTL,3
EVTV,
EVV,
EW,3
EWBC,4
EWCZ,3
EWTX,2
EXAI,3
EXAS,3
EXC,3
EXEL,2
EXFY,3
EXG,
EXK,3
EXLS,3
EXP,3
EXPD,3
EXPE,3
EXPI,4
EXPO,4
EXPR,3
EXR,3
EXTR,2
EYE,3
EYEN,3
EYPT,3
EZFL,
EZGO,
EZPW,3
F,3
FA,4
FAF,3
FAM,
FAMI,
FANG,3
FANH,
FARM,4
FARO,
FAST,3
FAT,3
FATBB,
FATBP,
FATBW,
FATE,3
FATH,
FATP,
FATPW,
FAX,
FAZE,
FAZEW,
FBIN,2
FBIO,3
FBIOP,
FBIZ,2
FBK,3
FBMS,3
FBNC,3
FBP,3
FBRT,1
FBRX,3
FC,1
FCAP,
FCBC,2
FCCO,3
FCEL,3
FCF,3
FCFS,2
FCN,5
FCNCA,3
FCNCO,
FCNCP,
FCO,
FCPT,4
FCRX,
FCT,
FCUV,
FCX,3
FDBC,
FDEU,
FDMT,3
FDP,
FDUS,2
FDX,3
FE,3
FEAM,3
FEDU,
FEI,
FEIM,
FELE,4
FEMY,3
FEN,
FENC,3
FENG,
FERG,3
FET,
FEXD,
FEXDR,
FEXDU,
FEXDW,
FF,
FFA,
FFBC,3
FFC,
FFIC,3
FFIE,
FFIEW,
FFIN,3
FFIV,3
FFNW,4
FFWM,3
FG,3
FGB,
FGBI,5
FGBIP,
FGEN,2
FGF,
FGFPP,
FGH,
FGI,3
FGMC,
FGMCU,
FGMCW,
FHB,5
FHI,3
FHLT,
FHLTU,
FHN,3
FHTX,3
FI,3
FIAC,
FIACW,
FIBK,4
FICO,3
FICV,
FICVW,
FIF,
FIGS,3
FIHL,3
FINS,
FINV,
FINW,3
FIP,
FIS,3
FISI,2
FITB,3
FITBI,
FITBO,
FITBP,
FIVE,2
FIVN,3
FIX,1
FIXX,3
FIZZ,
FKWL,
FL,3
FLAG,
FLC,
FLEX,2
FLFV,
FLFVR,
FLGC,
FLGT,3
FLIC,4
FLJ,
FLL,5
FLME,
FLNC,3
FLNG,5
FLNT,3
FLO,3
FLR,1
FLS,1
FLT,3
FLUX,3
FLWS,3
FLXS,3
FLYW,3
FMAO,5
FMBH,3
FMC,5
FMN,
FMNB,5
FMS,2
FMX,1
FMY,
FN,3
FNA,4
FNB,5
FNCB,
FNCH,3
FND,3
FNF,3
FNGR,
FNKO,4
FNLC,
FNV,3
FNVT,
FNVTU,
FNWB,4
FNWD,4
FOA,3
FOCS,5
FOF,
FOLD,3
FONR,
FOR,1
FORA,
FORD,
FORG,3
FORL,
FORLW,
FORM,3
FORR,4
FORTY,
FOSL,
FOSLL,
FOUR,1
FOX,
FOXA,3
FOXF,4
FOXO,
FPAY,3
FPF,
FPH,
FPI,4
FPL,
FR,3
FRA,
FRAF,
FRBA,4
FRBK,4
FRBN,
FRBNU,
FRBNW,
FRD,
FREE,4
FREEW,
FREQ,3
FRES,
FREY,3
FRG,3
FRGAP,
FRGE,3
FRGI,
FRGT,
FRHC,
FRLA,
FRLAW,
FRLN,3
FRME,4
FRMEP,
FRO,3
FROG,3
FRPH,
FRPT,3
FRSH,2
FRST,5
FRSX,
FRT,3
FRTX,
FRXB,
FRZA,
FSBC,4
FSBW,4
FSCO,
FSD,
FSEA,
FSFG,5
FSI,3
FSK,3
FSLR,3
FSLY,3
FSM,3
FSNB,
FSP,3
FSR,3
FSRX,
FSRXW,
FSS,2
FSTR,2
FSV,3
FT,
FTAI,1
FTAIM,
FTAIN,
FTAIO,
FTAIP,
FTCH,2
FTCI,3
FTDR,1
FTEK,4
FTEL,
FTF,
FTFT,
FTHM,4
FTHY,
FTI,3
FTII,
FTIIW,
FTK,
FTNT,3
FTRE,3
FTS,3
FTV,2
FUBO,2
FUL,4
FULC,3
FULT,3
FULTP,
FUN,5
FUNC,3
FUND,
FURY,3
FUSB,
FUSN,3
FUTU,3
FUV,3
FVCB,3
FVRR,3
FWAC,
FWBI,3
FWONA,
FWONK,3
FWRD,5
FWRG,2
FXCO,
FXCOR,
FXCOW,
FXLV,
FXNC,5
FYBR,3
FZT,
G,3
GAB,
GABC,2
GAIA,
GAIN,3
GAINL,
GAINN,
GAINZ,
GALT,2
GAM,
GAMB,3
GAMC,
GAMCU,
GAMCW,
GAME,
GAN,3
GANX,4
GAQ,
GASS,
GATE,
GATEU,
GATO,
GATX,2
GAU,2
GB,
GBAB,
GBBK,
GBBKR,
GBCI,4
GBDC,2
GBIO,3
GBLI,
GBNH,3
GBNY,
GBR,
GBTG,3
GBX,1
GCBC,
GCI,
GCMG,4
GCMGW,
GCO,3
GCT,1
GCTK,
GCV,
GD,3
GDC,
GDDY,3
GDEN,3
GDEV,
GDHG,
GDL,
GDNRW,
GDO,
GDOT,3
GDRX,3
GDS,2
GDST,
GDSTR,
GDSTW,
GDTC,
GDV,
GDYN,4
GE,1
GECC,1
GECCM,
GECCN,
GECCO,
GEF,3
GEG,
GEGGL,
GEHC,2
GEHI,
GEL,
GEN,3
GENC,
GENE,
GENI,3
GENK,
GEO,4
GEOS,
GERN,3
GES,3
GETR,3
GETY,5
GEVO,4
GF,
GFAI,
GFAIW,
GFF,2
GFGD,
GFGDR,
GFGDU,
GFI,3
GFL,3
GFOR,
GFS,3
GFX,
GGAL,4
GGB,2
GGE,
GGG,3
GGN,
GGR,
GGROW,
GGT,
GGZ,
GH,2
GHC,
GHG,
GHI,3
GHIX,
GHIXW,
GHL,
GHLD,3
GHM,1
GHRS,3
GHSI,
GHY,
GIA,
GIB,2
GIC,1
GIFI,
GIGM,
GIII,2
GIL,4
GILD,3
GILT,
GIM,
GIPR,
GIPRW,
GIS,3
GJH,
GJO,
GJP,
GJR,
GJS,
GJT,
GKOS,3
GL,2
GLAD,2
GLBE,2
GLBS,
GLBZ,
GLDD,3
GLDG,4
GLG,
GLLI,
GLLIW,
GLMD,
GLNG,3
GLO,
GLOB,4
GLOG,3
GLOP,3
GLP,1
GLPG,3
GLPI,3
GLQ,
GLRE,
GLSI,3
GLST,
GLSTR,
GLSTW,
GLT,
GLTO,3
GLU,
GLUE,3
GLV,
GLW,3
GLYC,2
GM,1
GMAB,3
GMBL,3
GMBLP,
GMBLW,
GMDA,3
GME,2
GMED,3
GMFI,
GMFIW,
GMGI,
GMRE,5
GMS,1
GMVD,
GMVDW,
GNE,
GNFT,4
GNK,3
GNL,3
GNLN,
GNLX,4
GNPX,3
GNRC,3
GNS,
GNSS,4
GNT,
GNTA,3
GNTX,1
GNTY,3
GNW,
GO,1
GOCO,2
GODN,
GODNU,
GOEV,3
GOEVW,
GOF,
GOGL,4
GOGO,3
GOL,3
GOLD,3
GOLF,3
GOOD,3
GOODN,
GOODO,
GOOG,3
GOOGL,3
GOOS,3
GORO,4
GOSS,3
GOTU,
GOVX,3
GOVXW,
GP,4
GPAC,
GPACW,
GPC,2
GPCR,4
GPI,1
GPJA,
GPK,4
GPMT,5
GPN,3
GPOR,3
GPP,
GPRE,3
GPRK,3
GPRO,4
GPS,3
GRAB,3
GRABW,
GRBK,3
GRC,
GRCL,2
GREE,
GREEL,
GRF,
GRFS,3
GRFX,
GRI,
GRIN,
GRMN,4
GRND,
GRNQ,
GRNT,4
GROM,
GROMW,
GROV,
GROW,
GROY,3
GRPH,3
GRPN,4
GRRR,3
GRRRW,
GRTS,3
GRTX,3
GRVY,
GRWG,3
GRX,
GS,3
GSAT,3
GSBC,5
GSBD,2
GSD,
GSDWU,
GSDWW,
GSHD,3
GSIT,
GSK,3
GSL,3
GSM,3
GSMG,
GSMGW,
GSUN,
GT,5
GTBP,2
GTE,
GTEC,3
GTES,3
GTH,
GTHX,3
GTIM,
GTLB,3
GTLS,3
GTN,4
GTX,2
GTY,1
GUG,
GURE,
GUT,
GVA,3
GVP,3
GWAV,
GWH,3
GWRE,2
GWRS,3
GWW,3
GXO,2
GYRO,
H,3
HA,3
HAE,2
HAFC,3
HAIA,
HAIAU,
HAIAW,
HAIN,4
HAL,3
HALL,
HALO,3
HARP,3
HAS,3
HASI,3
HAYN,3
HAYW,3
HBAN,3
HBANL,
HBANM,
HBANP,
HBB,
HBCP,4
HBI,4
HBIO,4
HBM,3
HBNC,4
HBT,4
HCA,2
HCAT,3
HCC,3
HCCI,3
HCDI,
HCDIP,
HCDIW,
HCDIZ,
HCI,1
HCKT,3
HCM,3
HCMAW,
HCP,3
HCSG,4
HCTI,
HCVI,
HCVIU,
HCVIW,
HCWB,
HCXY,
HD,3
HDB,5
HDSN,5
HE,4
HEAR,3
HEES,2
HEI,3
HELE,2
HEP,3
HEPA,2
HEPS,
HEQ,
HES,3
HESM,3
HFBL,
HFFG,
HFRO,
HFWA,4
HGBL,
HGLB,
HGTY,3
HGV,3
HHGC,
HHGCR,
HHH,3
HHLA,
HHRS,
HHRSW,
HHS,4
HI,2
HIBB,3
HIE,
HIFS,
HIG,3
HIHO,
HII,3
HILS,3
HIMS,3
HIMX,
HIO,
HIPO,4
HITI,3
HIVE,3
HIW,3
HIX,
HKD,
HKIT,
HL,3
HLF,3
HLGN,
HLI,3
HLIO,5
HLIT,4
HLLY,1
HLMN,3
HLN,3
HLNE,1
HLP,
HLT,3
HLTH,4
HLVX,3
HLX,1
HMAC,
HMACR,
HMACW,
HMC,3
HMN,5
HMNF,
HMST,4
HMY,3
HNI,3
HNNA,
HNNAZ,
HNRA,
HNRG,
HNST,3
HNVR,5
HNW,
HOFT,
HOFV,
HOFVW,
HOG,3
HOLI,
HOLO,
HOLOW,
HOLX,3
HOMB,4
HON,3
HONE,4
HOOD,2
HOOK,3
HOPE,5
HOTH,
HOUR,
HOUS,3
HOV,
HOVNP,
HOWL,3
HP,3
HPCO,
HPE,2
HPF,
HPI,
HPK,5
HPKEW,
HPLT,
HPP,5
HPQ,3
HPS,
HQH,
HQI,3
HQL,
HQY,2
HR,4
HRB,3
HRI,3
HRL,3
HRMY,3
HROW,4
HROWL,
HROWM,
HRT,
HRTG,2
HRTX,4
HRYU,
HRZN,2
HSAI,3
HSBC,2
HSCS,
HSCSW,
HSDT,2
HSHP,
HSIC,3
HSII,2
HSON,4
HSPOR,
HST,3
HSTM,3
HSTO,
HSY,3
HT,4
HTBI,4
HTBK,4
HTCR,
HTD,
HTFB,
HTFC,
HTGC,3
HTH,5
HTHT,3
HTIA,
HTIBP,
HTLD,4
HTLF,4
HTLFP,
HTOO,3
HTOOW,
HTY,
HTZ,3
HTZWW,
HUBB,2
HUBC,
HUBCW,
HUBCZ,
HUBG,4
HUBS,3
HUDAR,
HUDI,
HUGE,
HUIZ,
HUM,3
HUMA,4
HUMAW,
HUN,5
HURC,
HURN,1
HUSA,
HUT,4
HUYA,3
HVT,4
HWBK,
HWC,4
HWCPZ,
HWELW,
HWKN,1
HWM,3
HXL,2
HY,
HYB,
HYFM,4
HYI,
HYLN,2
HYMC,
HYMCL,
HYMCW,
HYPR,2
HYT,
HYW,
HYZN,4
HYZNW,
HZNP,3
HZO,3
I,4
IAC,3
IAE,
IAF,
IAG,3
IART,3
IAS,3
IAUX,3
IBCP,3
IBEX,3
IBIO,
IBKR,3
IBM,3
IBN,1
IBOC,
IBP,1
IBRX,3
IBTX,4
ICAD,
ICCC,
ICCH,
ICCM,4
ICD,3
ICE,2
ICFI,2
ICG,
ICHR,4
ICL,4
ICLK,
ICLR,2
ICMB,3
ICNC,
ICPT,3
ICR,
ICU,
ICUCW,
ICUI,5
ICVX,2
ID,
IDA,3
IDAI,
IDCC,3
IDE,
IDEX,
IDN,2
IDR,3
IDT,
IDXX,3
IDYA,3
IE,3
IEP,3
IESC,
IEX,4
IFBD,
IFF,5
IFIN,
IFN,
IFRX,3
IFS,4
IGA,
IGC,
IGD,
IGI,
IGIC,
IGICW,
IGMS,3
IGR,
IGT,3
IGTA,
IGTAR,
IGTAW,
IH,
IHD,
IHG,2
IHIT,
IHRT,3
IHS,5
IHT,
IHTA,
IIF,
III,3
IIIN,
IIIV,3
IIM,
IINN,3
IIPR,3
IKNA,3
IKT,4
ILAG,
ILLM,3
ILMN,3
ILPT,3
IMAB,3
IMAQ,
IMAQR,
IMAQU,
IMAQW,
IMAX,3
IMCC,
IMCR,3
IMGN,3
IMKTA,
IMMP,3
IMMR,3
IMMX,4
IMNM,3
IMNN,
IMO,3
IMOS,
IMPL,3
IMPP,
IMPPP,
IMRN,
IMRX,3
IMTE,
IMTX,3
IMTXW,
IMUX,3
IMVT,3
IMXI,3
INAB,2
INAQ,
INAQU,
INAQW,
INBK,1
INBKZ,
INBS,
INBX,3
INCR,
INCY,3
INDB,3
INDI,3
INDIW,
INDO,3
INDP,2
INDV,2
INFA,5
INFI,
INFN,3
INFU,
INFY,4
ING,1
INGN,3
INGR,2
INKT,3
INLX,3
INM,
INMB,
INMD,2
INN,5
INNV,3
INO,2
INOD,
INPX,
INSE,5
INSG,3
INSI,
INSM,4
INSP,3
INST,3
INSW,3
INTA,3
INTC,3
INTE,
INTEW,
INTG,
INTR,2
INTS,
INTT,3
INTU,2
INTZ,2
INUV,
INVA,
INVE,2
INVH,2
INVO,
INVZ,4
INVZW,
INZY,3
IOACW,
IOBT,3
IONM,3
IONQ,4
IONR,
IONS,3
IOR,
IOSP,4
IOT,3
IOVA,3
IP,3
IPA,4
IPAR,2
IPDN,
IPG,3
IPGP,5
IPHA,3
IPI,3
IPSC,3
IPVF,
IPW,3
IPWR,
IPX,
IPXX,
IPXXU,
IPXXW,
IQ,4
IQI,
IQV,3
IR,1
IRAA,
IRAAW,
IRBT,3
IRDM,3
IREN,3
IRIX,4
IRM,2
IRMD,1
IRON,3
IROQ,
IRRX,
IRS,
IRT,3
IRTC,3
IRWD,3
ISD,
ISDR,3
ISPC,
ISPO,3
ISPOW,
ISPR,
ISRG,3
ISRL,
ISRLU,
ISRLW,
ISSC,
ISTR,3
ISUN,3
IT,3
ITAQ,
ITAQW,
ITCI,3
ITCL,2
ITGR,2
ITI,3
ITIC,
ITOS,3
ITP,
ITRG,2
ITRI,3
ITRM,3
ITRN,
ITT,2
ITUB,2
ITW,3
IVA,4
IVAC,3
IVCA,
IVCAW,
IVCB,
IVCBW,
IVCP,
IVCPW,
IVDA,
IVDAW,
IVR,2
IVT,2
IVVD,3
IVZ,4
IX,4
IXAQ,
IXAQU,
IXAQW,
IXHL,3
IZEA,3
IZM,
J,3
JACK,3
JAGX,3
JAKK,3
JAMF,3
JAN,
JANX,2
JAQC,
JAZZ,3
JBGS,
JBHT,4
JBI,1
JBK,
JBL,2
JBLU,4
JBSS,
JBT,5
JCE,
JCI,3
JCSE,
JCTCF,
JD,2
JEF,3
JELD,3
JEQ,
JEWL,
JFBR,
JFBRW,
JFIN,
JFR,
JFU,
JG,
JGGC,
JGGCW,
JGH,
JHAA,
JHG,3
JHI,
JHS,
JHX,1
JILL,3
JJSF,1
JKHY,2
JKS,3
JLL,5
JLS,
JMIA,4
JMM,
JMSB,
JNJ,2
JNPR,3
JNVR,
JOAN,3
JOB,1
JOBY,4
JOE,
JOF,
JOUT,5
JPC,
JPI,
JPM,1
JPS,
JPT,
JQC,
JRI,
JRS,
JRSH,
JRVR,3
JSM,
JSPR,3
JSPRW,
JT,
JTAI,
JTAIW,
JUN,
JUPW,
JUPWW,
JVA,
JWEL,
JWN,3
JWSM,
JXJT,
JXN,4
JYD,
JYNT,3
JZ,
JZXN,
K,3
KA,
KACL,
KACLR,
KACLW,
KAI,3
KALA,2
KALU,4
KALV,3
KAMN,2
KAR,3
KARO,3
KAVL,
KB,2
KBH,1
KBNT,
KBNTW,
KBR,3
KC,3
KCGI,
KD,2
KDP,3
KE,3
KELYA,3
KELYB,
KEN,
KEP,
KEQU,
KERN,3
KERNW,
KEX,2
KEY,5
KEYS,2
KF,
KFFB,
KFRC,4
KFS,
KFY,5
KGC,3
KGS,3
KHC,3
KIDS,3
KIM,3
KIND,4
KINS,2
KIO,
KIQ,
KIRK,
KITT,4
KITTW,
KKR,3
KKRS,
KLAC,3
KLIC,3
KLR,3
KLTR,3
KLXE,4
KMB,3
KMDA,
KMF,
KMI,3
KMPB,
KMPR,3
KMT,3
KMX,3
KN,
KNDI,
KNF,3
KNOP,3
KNSA,3
KNSL,1
KNSW,
KNTE,2
KNTK,3
KNW,
KNX,5
KO,3
KOD,3
KODK,
KOF,2
KOP,4
KOPN,4
KORE,3
KOS,4
KOSS,
KPLT,
KPLTW,
KPRX,
KPTI,3
KR,2
KRBP,
KRC,3
KREF,3
KRG,2
KRKR,
KRMD,4
KRNL,
KRNLU,
KRNLW,
KRNT,3
KRNY,
KRO,4
KRON,3
KROS,3
KRP,1
KRT,1
KRTX,3
KRUS,1
KRYS,3
KSCP,
KSM,
KSS,3
KT,4
KTB,4
KTCC,
KTF,
KTH,
KTN,
KTOS,3
KTRA,3
KTTA,
KUKE,
KULR,3
KURA,3
KVACU,
KVHI,
KVSA,
KVUE,2
KW,3
KWE,3
KWESW,
KWR,3
KXIN,
KYCH,
KYCHR,
KYCHW,
KYMR,3
KYN,
KZIA,3
KZR,4
L,
LAB,
LABP,2
LAC,3
LAD,3
LADR,1
LAES,
LAKE,3
LAMR,3
LANC,3
LAND,3
LANDM,
LANDO,
LANDP,
LANV,
LARK,
LASE,
LASR,3
LATG,
LAUR,2
LAW,4
LAZ,3
LAZR,3
LAZY,3
LBAI,5
LBBB,
LBBBR,
LBBBU,
LBBBW,
LBC,
LBPH,3
LBRDA,
LBRDK,4
LBRDP,
LBRT,3
LBTYA,3
LBTYB,
LBTYK,
LC,3
LCA,
LCAA,
LCAAW,
LCAHU,
LCAHW,
LCFY,
LCFYW,
LCID,3
LCII,3
LCNB,1
LCTX,2
LCUT,3
LCW,
LDI,3
LDOS,3
LDP,
LDWY,
LE,3
LEA,3
LECO,3
LEDS,
LEE,
LEG,5
LEGH,4
LEGN,2
LEJU,
LEN,1
LEO,
LESL,5
LEU,1
LEV,3
LEVI,3
LEXX,
LEXXW,
LFAC,
LFACW,
LFCR,2
LFLY,2
LFLYW,
LFMD,3
LFMDP,
LFST,3
LFT,3
LFUS,4
LFVN,
LGHL,
LGHLW,
LGI,
LGIH,1
LGL,4
LGMK,
LGND,4
LGO,3
LGST,
LGSTU,
LGSTW,
LGVC,
LGVCW,
LGVN,
LH,5
LHC,
LHX,3
LI,3
LIAN,3
LIBYW,
LICN,
LICY,3
LIDR,
LIDRW,
LIFE,2
LIFW,
LIFWW,
LIFWZ,
LII,3
LILA,3
LILAK,
LILM,3
LILMW,
LIN,3
LINC,2
LIND,4
LINK,
LIPO,
LIQT,
LITB,
LITE,4
LITM,
LIVB,
LIVE,4
LIVN,3
LIXT,
LIXTW,
LIZI,
LKCO,
LKFN,3
LKQ,3
LL,
LLAP,3
LLY,3
LLYVA,
LLYVK,
LMAT,1
LMB,1
LMDX,3
LMDXW,
LMFA,
LMND,2
LMNL,3
LMNR,3
LMT,3
LNC,3
LND,
LNG,3
LNKB,3
LNN,3
LNSR,
LNT,4
LNTH,3
LNW,3
LNZA,3
LNZAW,
LOAN,
LOB,1
LOCC,
LOCL,3
LOCO,2
LODE,2
LOGI,3
LOMA,3
LOOP,3
LOPE,3
LOV,
LOVE,3
LOW,3
LPCN,
LPG,3
LPL,4
LPLA,3
LPRO,3
LPSN,3
LPTH,3
LPTV,3
LPTX,3
LPX,3
LQDA,3
LQDT,
LQR,
LRCX,2
LRFC,1
LRMR,3
LRN,2
LSAK,
LSBK,
LSCC,4
LSDI,
LSEA,1
LSEAW,
LSF,2
LSPD,2
LSTA,2
LSTR,4
LSXMA,3
LSXMB,
LSXMK,
LTBR,
LTC,4
LTH,3
LTHM,1
LTRN,
LTRPA,
LTRPB,
LTRX,3
LTRY,
LTRYW,
LU,3
LUCD,3
LUCY,
LUCYW,
LULU,2
LUMN,3
LUMO,3
LUNA,3
LUNG,3
LUNR,3
LUNRW,
LUV,5
LUXH,
LVLU,5
LVO,3
LVOX,3
LVOXU,
LVOXW,
LVRO,
LVROW,
LVS,3
LVTX,3
LVWR,
LW,3
LWAY,3
LWLG,
LX,
LXEH,
LXFR,4
LXP,3
LXRX,4
LXU,3
LYB,3
LYEL,3
LYFT,3
LYG,3
LYRA,3
LYT,
LYTS,3
LYV,1
LZ,3
LZB,4
LZM,
M,4
MA,3
MAA,3
MAC,3
MACA,
MACAU,
MACAW,
MACK,
MAG,3
MAIA,2
MAIN,3
MAMA,3
MAN,3
MANH,1
MANU,3
MAPS,2
MAPSW,
MAQC,
MAQCU,
MAQCW,
MAR,2
MARA,4
MARK,
MARPS,
MARX,
MAS,1
MASI,5
MASS,3
MAT,3
MATH,
MATV,5
MATW,2
MATX,1
MAV,
MAX,3
MAXN,3
MAYS,
MBAC,
MBC,
MBCN,5
MBI,2
MBIN,3
MBINM,
MBINN,
MBINO,
MBINP,
MBIO,3
MBLY,3
MBNKP,
MBOT,3
MBRX,3
MBSC,
MBTC,
MBTCR,
MBUU,4
MBWM,2
MC,3
MCAA,
MCAAU,
MCAAW,
MCAC,
MCACR,
MCACW,
MCAF,
MCAFR,
MCAG,
MCB,3
MCBC,
MCBS,
MCD,2
MCFT,4
MCHP,3
MCHX,2
MCI,
MCK,2
MCLD,
MCLDW,
MCN,
MCO,2
MCOM,
MCOMW,
MCR,
MCRB,3
MCRI,3
MCS,3
MCVT,
MCW,4
MCY,2
MD,3
MDB,2
MDC,1
MDGL,3
MDGS,
MDIA,
MDJH,
MDLZ,3
MDNA,
MDRR,
MDRRP,
MDRX,3
MDT,2
MDU,2
MDV,3
MDVL,
MDWD,3
MDWT,3
MDXG,
MDXH,3
ME,
MEC,3
MED,3
MEDP,2
MEDS,3
MEG,3
MEGI,
MEGL,
MEI,5
MEIP,3
MELI,3
MEOH,3
MER,
MERC,5
MESA,3
MESO,4
MET,3
META,3
METC,5
METCB,
METCL,
METX,
METXW,
MF,
MFA,3
MFC,3
MFD,
MFG,4
MFH,
MFIC,2
MFIN,1
MFM,
MFV,
MG,
MGA,3
MGAM,
MGEE,4
MGF,
MGIC,4
MGIH,
MGLD,
MGM,1
MGNI,2
MGNX,3
MGOL,
MGPI,1
MGR,
MGRB,
MGRC,2
MGRD,
MGRM,
MGRX,
MGTA,4
MGTX,3
MGY,4
MGYR,
MHD,
MHF,
MHH,
MHI,
MHK,3
MHLA,
MHLD,
MHN,
MHNC,
MHO,1
MHUA,
MICS,
MIDD,3
MIGI,
MIMO,3
MIN,
MIND,
MINDP,
MINM,3
MIO,
MIR,
MIRA,
MIRM,3
MIRO,2
MIST,3
MITA,
MITAW,
MITK,2
MITQ,
MITT,
MIXT,3
MIY,
MKC,3
MKFG,3
MKL,2
MKSI,3
MKTW,3
MKTX,3
MKUL,
ML,3
MLAB,4
MLCO,
MLEC,
MLECW,
MLGO,
MLI,
MLKN,2
MLM,1
MLNK,4
MLP,
MLR,
MLSS,
MLTX,3
MLYS,2
MMAT,3
MMC,2
MMD,
MMI,
MMLP,
MMM,2
MMP,3
MMS,3
MMSI,3
MMT,
MMU,
MMV,
MMVWW,
MMYT,1
MNDO,
MNDY,3
MNK,
MNKD,3
MNMD,4
MNOV,
MNP,
MNPR,2
MNRO,5
MNSB,5
MNSO,2
MNST,3
MNTK,3
MNTN,
MNTS,3
MNTSW,
MNTX,3
MO,3
MOB,
MOBQ,
MOBQW,
MOBV,
MOBVU,
MOD,1
MODD,3
MODG,3
MODN,3
MODV,5
MOFG,5
MOGO,3
MOGU,
MOH,2
MOLN,4
MOMO,2
MOND,3
MOR,3
MORF,3
MORN,
MOS,3
MOTS,3
MOV,3
MOVE,
MOXC,
MP,4
MPA,
MPAA,3
MPB,5
MPC,3
MPLN,
MPLX,3
MPRA,
MPRAW,
MPTI,1
MPU,
MPV,
MPW,3
MPWR,3
MPX,
MQ,3
MQT,
MQY,
MRAI,
MRAM,
MRBK,3
MRC,5
MRCC,4
MRCY,5
MRDB,
MREO,3
MRIN,
MRK,3
MRKR,
MRM,
MRNA,3
MRNS,3
MRO,3
MRSN,2
MRT,
MRTN,4
MRTX,3
MRUS,3
MRVI,4
MRVL,2
MS,3
MSA,1
MSB,
MSBI,5
MSBIP,
MSC,
MSCI,2
MSD,
MSEX,2
MSFT,3
MSGE,3
MSGM,3
MSGS,3
MSI,2
MSM,3
MSN,
MSSA,
MSSAR,
MSSAW,
MSTR,5
MT,3
MTA,4
MTAL,
MTB,3
MTBL,
MTC,
MTCH,3
MTD,4
MTDR,3
MTEK,
MTEKW,
MTEM,2
MTEX,
MTG,3
MTH,1
MTLS,
MTN,3
MTNB,
MTR,
MTRN,3
MTRX,3
MTRY,
MTRYW,
MTSI,3
MTTR,2
MTW,2
MTX,3
MTZ,3
MU,3
MUA,
MUC,
MUE,
MUFG,4
MUI,
MUJ,
MULN,
MUR,3
MURF,
MURFU,
MURFW,
MUSA,3
MUX,3
MVBF,4
MVF,
MVIS,4
MVLA,3
MVLAW,
MVO,
MVST,2
MVSTW,
MVT,
MWA,4
MWG,
MX,3
MXC,
MXCT,4
MXE,
MXF,
MXL,3
MYD,
MYE,4
MYFW,3
MYGN,3
MYI,
MYMD,
MYN,
MYNA,3
MYNZ,3
MYO,4
MYPS,3
MYPSW,
MYRG,2
MYSZ,2
MYTE,4
N,4
NA,
NAAS,
NABL,3
NAC,
NAD,
NAII,
NAK,3
NAMS,4
NAMSW,
NAN,
NAOV,
NAPA,3
NARI,3
NAT,3
NATH,
NATI,4
NATR,
NAUT,2
NAVB,
NAVI,3
NAZ,
NB,
NBB,
NBH,
NBHC,3
NBIX,3
NBN,
NBO,
NBR,3
NBSE,3
NBST,
NBSTW,
NBTB,3
NBTX,
NBW,
NBXG,
NBY,4
NC,
NCA,
NCAC,
NCACW,
NCLH,3
NCMI,3
NCNA,3
NCNO,2
NCPL,
NCPLW,
NCR,3
NCRA,
NCSM,3
NCTY,
NCV,
NCZ,
NDAQ,3
NDLS,5
NDMO,
NDP,
NDRA,
NDSN,2
NE,
NEA,
NECB,1
NEE,2
NEGG,3
NEM,3
NEN,
NEO,3
NEOG,2
NEON,
NEOV,
NEOVW,
NEP,3
NEPH,
NEPT,
NERV,4
NET,3
NETC,
NETDU,
NETI,3
NEU,
NEWP,3
NEWR,2
NEWT,3
NEWTL,
NEWTZ,
NEX,5
NEXA,3
NEXI,2
NEXT,2
NFBK,4
NFE,3
NFG,3
NFGC,3
NFJ,
NFLX,3
NFNT,
NFTG,
NFYS,
NG,3
NGD,3
NGG,3
NGL,5
NGM,3
NGMS,3
NGS,
NGVC,
NGVT,5
NHC,
NHI,3
NHS,
NHTC,
NHWK,
NI,2
NIC,3
NICE,3
NICK,
NIE,
NIM,
NIMC,
NINE,4
NIO,3
NIOBW,
NIR,4
NIRWW,
NISN,
NIU,3
NJR,3
NKE,3
NKLA,2
NKSH,5
NKTR,2
NKTX,3
NKX,
NL,
NLS,3
NLSP,
NLTX,3
NLY,3
NM,
NMAI,
NMCO,
NMFC,2
NMG,3
NMI,
NMIH,3
NMK,
NML,
NMM,5
NMR,4
NMRD,3
NMRK,5
NMS,
NMT,
NMTC,
NMZ,
NN,3
NNAVW,
NNBR,
NNDM,
NNI,
NNN,3
NNOX,3
NNVC,
NNY,
NOA,3
NOAH,
NOC,3
NODK,
NOG,3
NOGN,3
NOGNW,
NOK,3
NOM,
NOMD,4
NOTE,4
NOTV,4
NOV,3
NOVA,3
NOVT,4
NOVV,
NOVVW,
NOW,3
NPAB,
NPABW,
NPCE,2
NPCT,
NPFD,
NPK,
NPO,2
NPV,
NPWR,3
NQP,
NR,
NRAC,
NRACU,
NRBO,3
NRC,
NRDS,3
NRDY,3
NREF,4
NRG,3
NRGV,3
NRGX,
NRIM,5
NRIX,3
NRK,
NRO,
NRP,
NRSN,
NRSNW,
NRT,
NRUC,
NRXP,3
NRXPW,
NRXS,
NS,3
NSA,4
NSC,5
NSIT,4
NSP,3
NSPR,4
NSS,
NSSC,3
NSTB,
NSTC,
NSTD,
NSTG,3
NSTS,
NSYS,
NTAP,4
NTB,2
NTCO,3
NTCT,3
NTES,1
NTG,
NTGR,3
NTIC,4
NTIP,
NTLA,3
NTNX,3
NTR,4
NTRA,3
NTRB,
NTRBW,
NTRS,3
NTRSO,
NTST,4
NTWK,
NTZ,
NU,2
NUBI,
NUBIW,
NUE,3
NURO,
NUS,4
NUTX,3
NUV,
NUVA,3
NUVB,3
NUVL,3
NUW,
NUWE,4
NUZE,
NVAC,
NVACR,
NVACW,
NVAX,3
NVCR,4
NVCT,4
NVDA,1
NVEC,
NVEE,4
NVEI,4
NVFY,
NVG,
NVGS,2
NVIV,
NVMI,2
NVNO,4
NVO,2
NVOS,
NVR,2
NVRI,3
NVRO,3
NVS,3
NVST,3
NVT,1
NVTA,3
NVTS,3
NVVE,
NVVEW,
NVX,
NWBI,3
NWE,4
NWFL,
NWG,5
NWL,3
NWLI,
NWN,3
NWPX,3
NWS,
NWSA,3
NWTN,
NWTNW,
NX,
NXC,
NXDT,
NXE,4
NXG,
NXGL,
NXGLW,
NXGN,3
NXJ,
NXL,
NXLIW,
NXN,
NXP,
NXPI,3
NXPL,
NXPLW,
NXRT,3
NXST,3
NXT,1
NXTC,3
NXTP,3
NXU,
NYAX,3
NYC,3
NYCB,3
NYMT,5
NYMTL,
NYMTM,
NYMTN,
NYMTZ,
NYT,1
NYXH,3
NZF,
O,3
OABI,3
OABIW,
OAK,1
OAKU,
OAKUR,
OAKUW,
OB,3
OBDC,3
OBE,
OBIO,3
OBK,4
OBLG,
OBT,3
OC,1
OCAX,
OCAXU,
OCC,
OCCI,3
OCCIN,
OCCIO,
OCEA,3
OCEAW,
OCFC,3
OCFCP,
OCFT,3
OCG,
OCGN,3
OCN,3
OCS,3
OCSAW,
OCSL,3
OCTO,
OCUL,2
OCUP,3
OCX,2
ODC,
ODD,3
ODFL,3
ODP,3
ODV,3
ODVWW,
OEC,5
OESX,4
OFC,3
OFG,1
OFIX,3
OFLX,
OFS,1
OFSSH,
OGE,3
OGEN,
OGI,5
OGN,3
OGS,3
OHAA,
OHAAW,
OHI,2
OI,2
OIA,
OIG,
OII,3
OIS,5
OKE,3
OKTA,4
OKYO,
OLB,
OLED,3
OLIT,
OLITW,
OLK,3
OLLI,2
OLMA,3
OLN,5
OLO,3
OLP,3
OLPX,4
OM,3
OMAB,1
OMC,3
OMCL,3
OMER,2
OMEX,
OMF,3
OMGA,4
OMH,
OMI,3
OMIC,3
OMQS,
ON,2
ONB,3
ONBPO,
ONBPP,
ONCT,3
ONCY,2
ONDS,3
ONEW,5
ONFO,
ONFOW,
ONL,
ONON,2
ONTF,3
ONTO,3
ONTX,2
ONVO,
ONYX,
ONYXW,
OOMA,3
OP,
OPA,
OPAD,3
OPAL,1
OPBK,2
OPCH,1
OPEN,3
OPFI,1
OPGN,3
OPHC,
OPI,3
OPINL,
OPK,3
OPOF,
OPP,
OPRA,
OPRT,3
OPRX,3
OPT,3
OPTN,2
OPTT,
OPXS,
OPY,
OR,3
ORA,3
ORAN,2
ORC,4
ORCL,2
ORGN,2
ORGNW,
ORGO,3
ORGS,
ORI,1
ORIC,3
ORLA,3
ORLY,3
ORMP,
ORN,3
ORRF,2
ORTX,2
OSA,3
OSAAW,
OSBC,3
OSCR,3
OSG,
OSI,
OSIS,3
OSK,1
OSPN,3
OSS,3
OST,
OSTK,3
OSUR,3
OSW,2
OTEC,
OTECW,
OTEX,3
OTIS,3
OTLK,3
OTLY,3
OTMO,3
OTMOW,
OTRK,
OTRKP,
OTTR,3
OUST,4
OUT,4
OVBC,
OVID,2
OVLY,
OVV,3
OWL,3
OWLT,3
OXBR,
OXBRW,
OXLC,
OXLCL,
OXLCM,
OXLCN,
OXLCO,
OXLCP,
OXLCZ,
OXM,3
OXSQ,2
OXSQG,
OXSQL,
OXSQZ,
OXUS,
OXUSU,
OXUSW,
OXY,3
OZ,
OZK,3
OZKAP,
P,
PAA,3
PAAS,3
PAC,1
PACB,3
PACI,
PACK,
PACW,5
PACWP,
PAG,2
PAGP,2
PAGS,2
PAHC,4
PAI,
PALI,3
PALT,
PAM,3
PANL,4
PANW,3
PAR,3
PARA,3
PARAA,
PARAP,
PARR,3
PASG,3
PATH,3
PATI,
PATK,3
PAVM,3
PAVMZ,
PAVS,
PAX,5
PAXS,
PAY,3
PAYC,3
PAYO,1
PAYOW,
PAYS,
PAYX,3
PB,3
PBA,3
PBAXW,
PBBK,
PBF,3
PBFS,
PBH,2
PBHC,
PBI,3
PBLA,4
PBPB,4
PBR,3
PBT,
PBTS,
PBYI,3
PCAR,2
PCB,3
PCF,
PCG,3
PCH,3
PCK,
PCM,
PCN,
PCOR,2
PCQ,
PCRX,3
PCSA,
PCT,4
PCTI,
PCTTU,
PCTTW,
PCTY,1
PCVX,3
PCYG,
PCYO,
PD,3
PDCO,1
PDD,3
PDEX,
PDFS,1
PDI,
PDLB,2
PDM,4
PDO,
PDS,3
PDSB,4
PDT,
PEAK,3
PEB,3
PEBK,
PEBO,3
PECO,2
PED,4
PEG,3
PEGA,2
PEGR,
PEGY,4
PEN,1
PENN,3
PEO,
PEP,2
PEPG,3
PEPL,
PEPLW,
PERF,4
PERI,3
PESI,2
PET,4
PETQ,3
PETS,4
PETV,
PETVW,
PETWW,
PETZ,
PEV,
PFBC,1
PFC,3
PFD,
PFE,3
PFG,3
PFGC,4
PFH,
PFIE,2
PFIN,
PFIS,5
PFL,
PFLT,3
PFMT,
PFN,
PFO,
PFS,4
PFSI,3
PFSW,
PFTA,
PFTAU,
PFTAW,
PFX,3
PFXNZ,
PG,3
PGC,5
PGEN,2
PGNY,2
PGP,
PGR,4
PGRE,5
PGRU,4
PGSS,
PGTI,3
PGY,3
PGYWW,
PGZ,
PH,3
PHAR,3
PHAT,4
PHD,
PHG,1
PHGE,2
PHI,3
PHIN,
PHIO,3
PHK,
PHM,1
PHR,4
PHT,
PHUN,2
PHUNW,
PHVS,3
PHX,4
PHXM,
PHYT,
PI,4
PIAI,
PII,2
PIII,2
PIK,
PIM,
PINC,3
PINE,3
PINS,3
PIPR,4
PIRS,1
PIXY,
PJT,3
PK,3
PKBK,
PKE,
PKG,3
PKOH,3
PKST,3
PKX,2
PL,3
PLAB,3
PLAG,
PLAO,
PLAY,2
PLBC,
PLBY,3
PLCE,3
PLD,3
PLG,
PLL,3
PLM,
PLMI,
PLMIW,
PLMR,3
PLNT,3
PLOW,4
PLPC,
PLRX,3
PLSE,
PLTK,3
PLTN,
PLTNR,
PLTNW,
PLTR,3
PLUG,3
PLUR,
PLUS,1
PLX,
PLXS,3
PLYA,3
PLYM,3
PM,3
PMCB,
PMD,
PMF,
PML,
PMM,
PMN,3
PMO,
PMT,5
PMTS,
PMVP,2
PMX,
PNAC,
PNACR,
PNACU,
PNACW,
PNBK,
PNC,3
PNF,
PNFP,3
PNFPP,
PNI,
PNM,3
PNNT,3
PNR,2
PNRG,
PNT,3
PNTG,3
PNW,2
POAI,
POCI,
PODD,3
POET,
POL,
POLA,
POOL,4
POR,2
PORT,
POST,1
POWI,4
POWL,
POWW,2
POWWP,
PPBI,4
PPBT,3
PPC,3
PPG,2
PPHP,
PPHPR,
PPIH,
PPL,3
PPSI,3
PPT,
PPTA,3
PPYA,
PPYAW,
PR,3
PRA,1
PRAA,3
PRAX,2
PRCH,3
PRCT,3
PRDO,1
PRDS,
PRE,2
PRFT,4
PRFX,
PRG,1
PRGO,3
PRGS,2
PRH,
PRI,2
PRIF,
PRIM,2
PRK,4
PRLB,4
PRLD,3
PRLH,
PRLHW,
PRM,3
PRME,3
PRMW,3
PRO,2
PROC,3
PROCW,
PROF,3
PROK,2
PROV,3
PRPC,
PRPH,5
PRPL,4
PRPO,
PRQR,3
PRS,
PRSO,3
PRSR,
PRSRU,
PRSRW,
PRST,
PRSTW,
PRT,
PRTA,3
PRTC,3
PRTG,2
PRTH,3
PRTK,3
PRTS,4
PRU,3
PRVA,3
PRZO,
PSA,3
PSEC,3
PSF,
PSFE,1
PSHG,
PSMT,
PSN,1
PSNL,3
PSNY,3
PSNYW,
PSO,2
PSQH,
PSTG,3
PSTL,3
PSTV,2
PSTX,3
PSX,3
PT,
PTA,
PTC,3
PTCT,3
PTEN,3
PTGX,3
PTHR,
PTHRU,
PTHRW,
PTIX,
PTLO,4
PTMN,3
PTN,3
PTON,3
PTPI,
PTRA,3
PTRS,
PTSI,5
PTVE,2
PTWO,
PTWOW,
PTY,
PUBM,3
PUCK,
PUCKU,
PUCKW,
PUK,5
PULM,2
PUMP,3
PUYI,
PVBC,4
PVH,3
PVL,
PW,
PWFL,3
PWM,
PWOD,
PWP,
PWR,3
PWSC,4
PWUP,
PWUPU,
PWUPW,
PX,3
PXD,3
PXDT,
PXLW,2
PXMD,
PXS,
PXSAP,
PYCR,3
PYN,
PYPD,
PYPL,3
PYR,
PYT,
PYXS,2
PZC,
PZG,
PZZA,3
Q,
QBTS,2
QCOM,3
QCRH,3
QD,
QDEL,2
QDRO,
QDROW,
QFIN,3
QFTA,
QGEN,3
QH,
QIPT,3
QLGN,
QLI,
QLYS,2
QMCO,3
QNCX,
QNRX,
QNST,3
QOMO,
QOMOW,
QQQX,
QRHC,4
QRTEA,4
QRTEB,
QRTEP,
QRVO,3
QS,4
QSG,
QSI,
QSIAW,
QSR,3
QTRX,2
QTWO,3
QUAD,3
QUBT,
QUIK,3
QUOT,
QURE,3
QVCC,
QVCD,
R,1
RA,
RACE,3
RAD,3
RADI,3
RAIL,2
RAIN,3
RAMP,3
RAND,
RANI,2
RAPT,2
RARE,3
RAVE,
RAYA,
RBA,3
RBB,5
RBBN,4
RBC,2
RBCAA,5
RBCP,
RBKB,
RBLX,3
RBOT,4
RBT,2
RC,4
RCAC,
RCACW,
RCAT,
RCB,
RCC,
RCEL,4
RCFA,
RCG,
RCI,3
RCKT,3
RCKTW,
RCKY,4
RCL,1
RCLF,
RCLFU,
RCLFW,
RCM,3
RCMT,5
RCON,
RCRT,
RCRTW,
RCS,
RCUS,3
RDCM,1
RDFN,3
RDHL,
RDI,
RDIB,
RDN,2
RDNT,1
RDVT,
RDW,3
RDWR,4
RDY,1
REAL,2
REAX,3
REBN,
REE,3
REFI,3
REFR,
REG,2
REGN,3
REI,4
REKR,2
RELI,
RELIW,
RELL,3
RELX,2
RELY,3
RENB,
RENE,
RENEU,
RENEW,
RENT,3
REPL,3
REPX,5
RERE,
RES,3
RETA,2
RETO,
REVB,
REVBW,
REVG,
REX,3
REXR,4
REYN,3
REZI,5
RF,3
RFAC,
RFACU,
RFI,
RFIL,3
RFL,
RFM,
RFMZ,
RGA,3
RGC,
RGCO,3
RGEN,5
RGF,3
RGLD,4
RGLS,2
RGNX,3
RGP,4
RGR,
RGS,3
RGT,
RGTI,4
RGTIW,
RH,3
RHE,
RHI,5
RHP,3
RIBT,
RICK,4
RIG,3
RIGL,3
RILY,
RILYG,
RILYK,
RILYL,
RILYM,
RILYN,
RILYO,
RILYP,
RILYT,
RILYZ,
RIO,3
RIOT,3
RITM,2
RIV,
RIVN,3
RJF,3
RKDA,2
RKLB,3
RKT,3
RL,3
RLAY,3
RLGT,
RLI,3
RLJ,4
RLMD,4
RLTY,
RLX,
RLYB,3
RM,3
RMAX,2
RMBI,
RMBL,5
RMBS,4
RMCF,
RMD,3
RMED,3
RMGC,
RMGCU,
RMGCW,
RMI,
RMM,
RMMZ,
RMNI,4
RMPL,
RMR,5
RMT,
RMTI,3
RNA,3
RNAZ,2
RNG,3
RNGR,4
RNLX,3
RNP,
RNR,1
RNST,4
RNW,3
RNWWW,
RNXT,3
ROAD,2
ROCK,2
ROCL,
ROG,3
ROIC,3
ROIV,3
ROIVW,
ROK,3
ROKU,3
ROL,3
ROOT,3
ROP,2
ROSE,
ROSEW,
ROSS,
ROST,2
ROVR,1
RPAY,3
RPD,2
RPHM,3
RPID,2
RPM,3
RPRX,3
RPT,4
RPTX,3
RQI,
RRAC,
RRBI,5
RRC,3
RRGB,2
RRR,4
RRX,3
RS,3
RSF,
RSG,3
RSI,2
RSKD,3
RSLS,
RSSS,3
RSVR,1
RSVRW,
RTC,
RTL,3
RTLPO,
RTLPP,
RTO,3
RTX,3
RUM,4
RUMBW,
RUN,3
RUSHA,2
RUSHB,
RVLP,
RVLV,3
RVMD,3
RVNC,3
RVP,
RVPH,
RVPHW,
RVSB,4
RVSN,
RVSNW,
RVT,
RVTY,4
RVYL,4
RWAY,2
RWAYL,
RWAYZ,
RWLK,3
RWOD,
RWODR,
RWT,3
RXO,3
RXRX,4
RXST,2
RXT,3
RY,2
RYAAY,3
RYAM,5
RYAN,2
RYI,5
RYN,3
RYTM,3
RZB,
RZC,
RZLT,2
S,4
SA,3
SABR,2
SABRP,
SABS,3
SABSW,
SACC,
SACH,3
SAFE,3
SAFT,
SAGA,
SAGAR,
SAGE,3
SAH,3
SAI,
SAIA,2
SAIC,3
SAITW,
SAJ,
SALM,4
SAM,3
SAMA,
SAMAU,
SAMAW,
SAMG,4
SAN,3
SANA,3
SAND,3
SANG,3
SANM,
SANW,3
SAP,3
SAR,1
SASI,3
SASR,5
SAT,
SATL,
SATLW,
SATS,3
SATX,
SAVA,3
SAVE,4
SAY,
SAZ,
SB,3
SBAC,3
SBBA,
SBCF,5
SBET,
SBEV,3
SBFG,3
SBFM,
SBFMW,
SBGI,5
SBH,3
SBI,
SBIG,4
SBIGW,
SBLK,5
SBOW,3
SBR,
SBRA,3
SBS,
SBSI,1
SBSW,5
SBT,
SBUX,3
SBXC,
SCCB,
SCCC,
SCCD,
SCCE,
SCCF,
SCCG,
SCCO,3
SCD,
SCE,
SCHL,3
SCHN,5
SCHW,3
SCI,4
SCKT,
SCL,5
SCLX,
SCLXW,
SCM,3
SCOR,4
SCPH,3
SCPL,3
SCRM,
SCRMU,
SCRMW,
SCS,3
SCSC,3
SCTL,
SCU,
SCVL,3
SCWO,
SCWX,3
SCX,
SCYX,3
SD,
SDA,
SDAWW,
SDC,3
SDGR,3
SDHY,
SDIG,3
SDOT,
SDPI,
SDRL,3
SE,5
SEAC,
SEAL,
SEAS,5
SEAT,3
SEATW,
SEB,
SECO,
SEDA,
SEDG,3
SEE,3
SEED,
SEEL,4
SEER,3
SEIC,2
SELB,3
SELF,
SEM,2
SEMR,3
SENEA,
SENEB,
SENS,3
SEPA,
SEPAW,
SERA,3
SES,3
SEVN,
SF,
SFB,
SFBC,
SFBS,3
SFE,
SFIX,3
SFL,
SFM,2
SFNC,3
SFR,3
SFRWW,
SFST,3
SFT,3
SFWL,
SG,3
SGA,2
SGBX,
SGC,4
SGE,
SGEN,4
SGH,3
SGHC,3
SGHT,3
SGII,
SGIIW,
SGLY,
SGMA,
SGML,5
SGMO,3
SGMT,3
SGRP,4
SGRY,1
SGU,
SHAK,3
SHAP,
SHBI,5
SHC,3
SHCO,3
SHCR,3
SHCRW,
SHEL,3
SHEN,1
SHFS,
SHFSW,
SHG,2
SHIP,3
SHLS,3
SHLT,
SHO,3
SHOO,3
SHOP,3
SHPH,
SHPW,
SHPWW,
SHUA,
SHW,1
SHYF,4
SIBN,2
SID,3
SIDU,3
SIEB,
SIEN,2
SIF,
SIFY,4
SIG,3
SIGA,2
SIGI,3
SIGIP,
SII,
SILC,
SILK,3
SILO,
SILV,3
SIM,
SIMO,3
SINT,
SIRI,3
SISI,
SITC,3
SITE,3
SITM,3
SIX,5
SJ,
SJM,3
SJT,
SJW,2
SKE,3
SKGR,
SKGRW,
SKIL,3
SKIN,3
SKLZ,3
SKM,2
SKT,2
SKWD,2
SKX,1
SKY,4
SKYH,
SKYT,3
SKYW,2
SKYX,
SLAB,5
SLAC,
SLACU,
SLACW,
SLAM,
SLAMU,
SLAMW,
SLB,3
SLCA,4
SLDB,3
SLDP,3
SLDPW,
SLF,3
SLG,3
SLGC,2
SLGCW,
SLGG,3
SLGL,3
SLGN,4
SLI,3
SLM,3
SLMBP,
SLN,3
SLNA,
SLNAW,
SLND,
SLNG,
SLNH,
SLNHP,
SLNO,3
SLP,4
SLQT,
SLRC,3
SLRN,3
SLRX,
SLS,2
SLVM,5
SLVR,
SLVRU,
SLVRW,
SM,3
SMAP,
SMAR,3
SMBC,4
SMBK,3
SMCI,1
SMFG,3
SMFL,3
SMG,5
SMHI,
SMID,
SMLP,
SMLR,
SMMF,3
SMMT,
SMP,3
SMPL,3
SMR,3
SMRT,3
SMSI,3
SMTC,3
SMTI,3
SMWB,3
SMX,
SMXWW,
SN,
SNA,3
SNAL,3
SNAP,3
SNAX,2
SNAXW,
SNBR,3
SNCE,
SNCR,3
SNCRL,
SNCY,3
SND,3
SNDA,
SNDL,
SNDR,3
SNDX,3
SNES,3
SNEX,1
SNFCA,
SNGX,
SNMP,
SNN,4
SNOA,
SNOW,3
SNPO,3
SNPS,2
SNPX,
SNSE,2
SNT,
SNTG,
SNTI,3
SNV,4
SNX,4
SNY,3
SO,3
SOBR,
SOFI,3
SOFO,
SOHO,3
SOHOB,
SOHON,
SOHOO,
SOHU,3
SOI,1
SOJC,
SOJD,
SOJE,
SOL,3
SOLO,3
SON,4
SOND,
SONDW,
SONM,
SONN,3
SONO,1
SONX,3
SONY,3
SOPA,
SOPH,3
SOR,
SOS,
SOTK,2
SOUN,3
SOUNW,
SOVO,2
SP,1
SPB,1
SPCB,
SPCE,2
SPE,
SPFI,3
SPG,3
SPGC,
SPGI,3
SPH,
SPHR,2
SPI,
SPIR,3
SPLK,3
SPLP,
SPNS,3
SPNT,
SPOK,
SPOT,3
SPR,4
SPRB,3
SPRC,
SPRO,2
SPRU,
SPRY,3
SPSC,3
SPT,3
SPTN,4
SPWH,3
SPWR,5
SPXC,2
SPXX,
SQ,3
SQFT,
SQFTP,
SQFTW,
SQL,
SQLLW,
SQM,3
SQNS,3
SQSP,3
SR,3
SRAD,3
SRC,4
SRCE,3
SRCL,3
SRDX,1
SRE,3
SREA,
SRFM,
SRG,
SRI,3
SRL,
SRM,
SRPT,3
SRRK,2
SRT,3
SRTS,3
SRV,
SRZN,3
SSB,4
SSBI,
SSBK,
SSD,1
SSIC,3
SSKN,4
SSL,4
SSNC,4
SSNT,
SSP,4
SSRM,3
SSSS,
SSSSL,
SST,3
SSTI,5
SSTK,3
SSU,
SSY,
SSYS,3
ST,4
STAA,3
STAF,3
STAG,3
STBA,3
STBX,
STC,3
STCN,
STE,3
STEL,4
STEM,3
STEP,4
STER,3
STEW,
STG,
STGW,3
STHO,
STIM,2
STIX,3
STIXW,
STK,
STKH,
STKL,3
STKS,4
STLA,1
STLD,3
STM,3
STN,3
STNE,2
STNG,3
STOK,3
STR,3
STRA,1
STRC,4
STRCW,
STRL,1
STRM,
STRO,3
STRR,5
STRRP,
STRS,
STRT,3
STRW,
STSS,
STSSW,
STT,3
STTK,3
STVN,2
STWD,2
STX,4
STXS,3
STZ,3
SU,3
SUAC,
SUI,4
SUM,1
SUN,3
SUNL,5
SUNW,3
SUP,
SUPN,3
SUPV,3
SURF,3
SURG,
SURGW,
SUZ,2
SVC,5
SVFD,
SVII,
SVM,3
SVRA,3
SVRE,
SVREW,
SVT,
SVV,3
SVVC,
SWAG,
SWAV,3
SWBI,
SWI,3
SWIM,3
SWK,3
SWKH,
SWKS,3
SWN,3
SWSS,
SWSSW,
SWTX,3
SWVL,
SWVLW,
SWX,3
SWZ,
SXC,2
SXI,2
SXT,
SXTC,
SXTP,
SXTPW,
SY,
SYBT,3
SYBX,3
SYF,3
SYK,2
SYM,3
SYNA,4
SYNH,2
SYPR,
SYRS,3
SYT,
SYTA,
SYTAW,
SYY,4
SZZL,
SZZLW,
T,3
TAC,3
TACT,2
TAIT,
TAK,2
TAL,3
TALK,2
TALKW,
TALO,3
TALS,
TANH,
TAOP,
TAP,3
TARA,3
TARO,5
TARS,3
TASK,4
TAST,1
TATT,
TAYD,
TBB,
TBBK,2
TBC,
TBCP,
TBCPW,
TBI,
TBIO,4
TBLA,3
TBLAW,
TBLD,
TBLT,3
TBLTW,
TBMC,
TBMCR,
TBNK,4
TBPH,3
TC,
TCBC,
TCBI,3
TCBIO,
TCBK,5
TCBP,3
TCBPW,
TCBS,
TCBX,3
TCI,
TCJH,
TCMD,3
TCN,3
TCOA,
TCOM,1
TCON,3
TCPC,2
TCRT,3
TCRX,2
TCS,4
TCX,
TD,3
TDC,3
TDCX,3
TDF,
TDG,2
TDOC,3
TDS,3
TDUP,3
TDW,3
TDY,3
TEAF,
TEAM,3
TECH,5
TECK,3
TECTP,
TEDU,
TEF,3
TEI,
TEL,3
TELA,3
TELL,3
TELZ,
TENB,3
TENK,
TENX,
TEO,3
TER,3
TERN,3
TETE,
TEVA,3
TEX,1
TFC,5
TFFP,3
TFII,3
TFIN,3
TFINP,
TFPM,3
TFSA,
TFSL,3
TFX,3
TG,
TGAA,
TGAAU,
TGAAW,
TGAN,2
TGB,5
TGH,1
TGI,3
TGL,
TGLS,3
TGNA,3
TGS,3
TGT,3
TGTX,3
TGVC,
TGVCU,
TGVCW,
TH,3
THC,2
THCH,
THCP,
THCPW,
THFF,3
THG,5
THM,
THMO,4
THO,3
THQ,
THR,2
THRD,2
THRM,3
THRN,2
THRX,3
THRY,3
THS,5
THTX,4
THW,
THWWW,
TIGO,
TIGR,
TIL,3
TILE,1
TIMB,3
TIO,3
TIPT,
TIRX,
TISI,
TITN,3
TIVC,3
TIXT,5
TJX,2
TK,
TKAT,
TKC,4
TKLF,
TKNO,4
TKR,3
TLF,
TLGY,
TLGYW,
TLIS,
TLK,4
TLRY,3
TLS,3
TLSA,
TLSI,
TLSIW,
TLYS,3
TM,3
TMBR,3
TMC,3
TMCI,3
TMCWW,
TMDX,3
TME,4
TMHC,1
TMKR,
TMKRU,
TMO,4
TMP,5
TMPO,3
TMPOW,
TMQ,4
TMST,3
TMTC,
TMTCU,
TMUS,2
TNC,
TNDM,3
TNET,1
TNGX,3
TNK,2
TNL,3
TNON,
TNONW,
TNP,4
TNXP,
TNYA,3
TOI,3
TOIIW,
TOL,3
TOMZ,3
TOON,3
TOP,
TOPS,
TORO,
TOST,3
TOUR,
TOVX,
TOWN,4
TPB,3
TPC,3
TPCS,
TPET,
TPG,3
TPH,3
TPHS,
TPIC,5
TPL,1
TPR,3
TPST,2
TPTA,
TPVG,3
TPX,4
TPZ,
TR,
TRC,
TRCA,
TRDA,3
TREE,3
TREX,1
TRGP,3
TRHC,3
TRI,4
TRIB,4
TRIN,2
TRINL,
TRIP,3
TRIS,
TRKA,
TRKAW,
TRMB,3
TRMD,
TRMK,3
TRMR,3
TRN,3
TRNO,3
TRNR,
TRNS,1
TRON,
TRONW,
TROO,
TROW,1
TROX,4
TRP,3
TRS,3
TRST,4
TRT,
TRTL,
TRTN,2
TRTX,3
TRU,3
TRUE,2
TRUP,2
TRV,3
TRVG,4
TRVI,3
TRVN,3
TRX,5
TS,3
TSAT,
TSBK,
TSBX,3
TSCO,3
TSE,4
TSEM,
TSHA,2
TSI,
TSLA,3
TSLX,3
TSM,4
TSN,3
TSP,3
TSQ,3
TSRI,
TSVT,3
TT,2
TTC,3
TTD,3
TTE,5
TTEC,3
TTEK,2
TTGT,3
TTI,2
TTMI,1
TTNP,
TTOO,
TTP,
TTSH,
TTWO,3
TU,3
TUP,3
TURN,
TUSK,
TUYA,3
TV,4
TVC,
TVE,
TVTX,4
TW,4
TWI,5
TWIN,
TWKS,5
TWLO,2
TWLV,
TWLVW,
TWN,
TWNK,3
TWO,3
TWOA,
TWOU,3
TWST,3
TX,3
TXG,3
TXMD,3
TXN,3
TXO,3
TXRH,3
TXT,2
TY,
TYG,
TYGO,4
TYGOW,
TYL,3
TYRA,3
TZOO,2
U,3
UA,
UAA,3
UAL,1
UAMY,
UAN,
UAVS,
UBA,3
UBCP,
UBER,1
UBFO,
UBP,
UBS,3
UBSI,3
UBX,3
UCAR,
UCBI,4
UCBIO,
UCL,3
UCTT,
UDMY,3
UDR,3
UE,3
UEC,3
UEIC,4
UFAB,
UFCS,4
UFI,3
UFPI,3
UFPT,
UG,
UGI,4
UGIC,
UGP,4
UGRO,4
UHAL,
UHG,
UHGWW,
UHS,3
UHT,
UI,3
UIS,
UK,
UKOMW,
UL,2
ULBI,
ULCC,3
ULH,4
ULTA,3
UMBF,4
UMC,3
UMH,3
UNB,
UNCY,3
UNF,4
UNFI,4
UNH,3
UNIT,3
UNM,3
UNMA,
UNP,5
UNTY,2
UONE,
UONEK,
UP,3
UPBD,1
UPC,
UPH,3
UPLD,2
UPS,4
UPST,3
UPTD,
UPTDU,
UPTDW,
UPWK,3
UPXI,
URBN,2
URG,4
URGN,2
URI,3
UROY,
USA,
USAC,1
USAP,2
USAS,4
USAU,
USB,4
USCB,3
USCTW,
USDP,3
USEA,
USEG,
USFD,4
USGO,3
USGOW,
USIO,3
USLM,
USM,3
USNA,1
USPH,3
UTAA,
UTF,
UTG,
UTHR,3
UTI,3
UTL,4
UTMD,
UTME,
UTRS,2
UTSI,
UTZ,2
UUU,
UUUU,3
UVE,3
UVSP,4
UVV,
UWMC,3
UXIN,
UZD,
UZE,
UZF,
V,3
VABK,
VAC,5
VACC,4
VAL,
VALE,3
VALN,3
VALU,
VANI,
VAPO,3
VAQC,
VATE,
VAXX,2
VBF,
VBFC,
VBIV,2
VBLT,
VBNK,3
VBTX,5
VC,3
VCEL,3
VCIG,
VCNX,
VCSA,3
VCTR,3
VCV,
VCXA,
VCXAU,
VCXAW,
VCXB,
VCYT,3
VECO,4
VEDU,
VEEE,
VEEV,2
VEL,2
VEON,
VERA,2
VERB,
VERBW,
VERI,3
VERO,3
VERU,3
VERV,3
VERX,3
VERY,
VET,3
VEV,
VFC,3
VFF,3
VFL,
VFS,
VFSWW,
VGAS,
VGASW,
VGI,
VGM,
VGR,4
VGZ,2
VHAQ,
VHC,
VHI,
VHNA,
VHNAW,
VIA,
VIAO,
VIASP,
VIAV,3
VICI,3
VICR,
VIEW,4
VIEWW,
VIGL,3
VII,
VIIAW,
VINC,2
VINE,
VINO,
VINP,3
VIOT,
VIPS,3
VIR,3
VIRC,3
VIRI,
VIRT,5
VIRX,3
VISL,
VIST,5
VITL,3
VIV,2
VIVK,
VJET,
VKI,
VKQ,
VKTX,3
VLCN,
VLD,4
VLGEA,
VLN,3
VLO,3
VLRS,3
VLT,
VLY,4
VLYPO,
VLYPP,
VMAR,3
VMC,3
VMCA,
VMD,
VMEO,3
VMI,3
VMO,
VMW,3
VNCE,
VNDA,1
VNET,3
VNO,3
VNOM,3
VNRX,
VNT,3
VOC,
VOD,3
VOR,3
VOXR,
VOXX,
VOYA,3
VPG,4
VPV,
VQS,
VRA,3
VRAR,
VRAX,
VRCA,3
VRDN,3
VRE,3
VREX,3
VRM,2
VRME,3
VRNA,3
VRNS,4
VRNT,3
VRPX,
VRRM,3
VRSK,2
VRSN,2
VRT,1
VRTS,3
VRTV,2
VRTX,3
VS,3
VSAC,
VSACW,
VSAT,3
VSCO,4
VSEC,4
VSH,3
VSSYW,
VST,3
VSTA,3
VSTM,3
VSTO,2
VTEX,2
VTGN,
VTLE,3
VTMX,3
VTN,
VTNR,4
VTOL,
VTR,3
VTRS,3
VTRU,3
VTS,4
VTSI,2
VTVT,
VTYX,4
VUZI,3
VVI,4
VVOS,3
VVPR,
VVR,
VVV,2
VVX,3
VWE,4
VWEWW,
VXRT,2
VYGR,3
VYNE,2
VZIO,3
VZLA,3
W,3
WAB,2
WABC,4
WAFD,4
WAFDP,
WAFU,
WAL,3
WALD,4
WALDW,
WASH,3
WAT,4
WATT,3
WAVC,
WAVD,
WAVE,
WAVS,
WAVSW,
WB,3
WBA,4
WBD,3
WBS,4
WBX,4
WCC,5
WCN,3
WD,4
WDAY,1
WDC,3
WDFC,4
WDH,
WDI,
WDS,
WE,
WEA,
WEAV,3
WEC,3
WEL,
WELL,2
WEN,3
WERN,5
WES,3
WEST,5
WESTW,
WETG,
WEX,3
WEYS,
WF,4
WFC,3
WFCF,
WFG,3
WFRD,3
WGO,3
WGS,4
WGSWW,
WH,3
WHD,3
WHF,3
WHG,
WHLM,
WHLR,
WHLRD,
WHLRL,
WHLRP,
WHR,3
WIA,
WILC,
WIMI,
WINA,
WING,3
WINT,3
WINV,
WINVR,
WIRE,4
WISA,
WISH,3
WIT,4
WIW,
WIX,1
WK,2
WKC,4
WKEY,3
WKHS,2
WKME,3
WKSP,
WKSPW,
WLDN,1
WLDS,
WLDSW,
WLFC,
WLGS,
WLK,5
WLKP,4
WLY,
WLYB,
WM,3
WMB,3
WMC,
WMG,3
WMK,
WMPN,
WMS,3
WMT,2
WNC,3
WNEB,4
WNNR,
WNS,3
WNW,
WOLF,4
WOOF,3
WOR,1
WORX,
WOW,3
WPC,2
WPM,3
WPP,4
WPRT,3
WRAC,
WRAP,
WRB,3
WRBY,3
WRK,3
WRLD,3
WRN,3
WRNT,
WSBC,3
WSBCP,
WSBF,4
WSC,3
WSFS,3
WSM,4
WSO,3
WSR,4
WST,3
WT,2
WTBA,4
WTER,2
WTFC,3
WTFCM,
WTFCP,
WTI,3
WTM,
WTMA,
WTMAR,
WTRG,2
WTS,2
WTTR,3
WTW,4
WU,3
WULF,2
WVE,3
WVVI,
WVVIP,
WW,3
WWAC,
WWACU,
WWACW,
WWD,1
WWE,3
WWR,
WWW,4
WY,1
WYNN,3
WYY,
X,3
XAIR,3
XBIO,3
XBIT,
XCUR,
XEL,3
XELA,
XELAP,
XELB,3
XENE,3
XERS,3
XFIN,
XFINU,
XFINW,
XFLT,
XFOR,
XGN,3
XHR,3
XIN,
XLO,3
XMTR,3
XNCR,3
XNET,
XOM,3
XOMA,3
XOMAO,
XOMAP,
XOS,4
XOSWW,
XP,4
XPDB,
XPDBW,
XPEL,3
XPER,3
XPEV,3
XPL,3
XPO,3
XPOF,3
XPON,
XPRO,3
XRAY,3
XRTX,
XRX,3
XTLB,
XTNT,
XWEL,3
XXII,2
XYF,
XYL,1
Y,3
YALA,
YCBD,
YELP,2
YETI,3
YEXT,3
YGF,
YGMZ,
YI,
YJ,
YMAB,2
YMM,3
YORW,2
YOSH,
YOTA,
YOTAR,
YOU,3
YPF,3
YQ,
YRD,
YS,
YSBPW,
YSG,3
YTEN,3
YTRA,3
YUM,3
YUMC,2
YVR,
YY,3
Z,
ZAPP,
ZAPPW,
ZBH,3
ZBRA,5
ZCMD,
ZD,3
ZDGE,
ZENV,3
ZEPP,
ZETA,3
ZEUS,5
ZEV,3
ZFOX,3
ZFOXW,
ZG,3
ZGN,2
ZH,3
ZI,4
ZIM,4
ZIMV,2
ZING,
ZINGW,
ZION,3
ZIONL,
ZIONO,
ZIONP,
ZIP,3
ZIVO,
ZIVOW,
ZJYL,
ZKIN,
ZLAB,3
ZLS,
ZLSWW,
ZM,3
ZNTL,3
ZOM,3
ZS,2
ZTEK,
ZTO,2
ZTR,
ZTS,3
ZUMZ,3
ZUO,3
ZURA,3
ZURAW,
ZVIA,3
ZVRA,2
ZVSA,
ZWS,1
ZYME,3
ZYNE,3
ZYXI,3
